sample_time,phase,instance_id,pdb_name,service_name,sql_id,force_matching_signature,sql_label,module,action,plan_hash_value,session_state,event,wait_class,sample_count
2026-07-15T09:00,B0,1,PERFLAB,PERFLAB_SVC,9u1m3rg3a0b1x,918273645001,SETTLEMENT_MERGE,SETTLEMENT,MERGE_BATCH,4289017712,ON CPU,ON CPU,CPU,9
2026-07-15T09:00,B0,1,PERFLAB,PERFLAB_SVC,9u1m3rg3a0b1x,918273645001,SETTLEMENT_MERGE,SETTLEMENT,MERGE_BATCH,4289017712,WAITING,db file sequential read,User I/O,6
2026-07-15T09:00,B0,1,PERFLAB,PERFLAB_SVC,1it3ra1000001,771122330099,LITERAL_LOOKUP_T01,SETTLEMENT,LOOKUP_LITERAL,1765432109,ON CPU,ON CPU,CPU,1
2026-07-15T09:00,B0,1,PERFLAB,PERFLAB_SVC,1it3ra1000001,771122330099,LITERAL_LOOKUP_T01,SETTLEMENT,LOOKUP_LITERAL,1765432109,WAITING,db file sequential read,User I/O,1
2026-07-15T09:00,B0,1,PERFLAB,PERFLAB_SVC,1it3ra1000002,771122330099,LITERAL_LOOKUP_T02,SETTLEMENT,LOOKUP_LITERAL,1765432109,ON CPU,ON CPU,CPU,1
2026-07-15T09:00,B0,1,PERFLAB,PERFLAB_SVC,1it3ra1000002,771122330099,LITERAL_LOOKUP_T02,SETTLEMENT,LOOKUP_LITERAL,1765432109,WAITING,db file sequential read,User I/O,1
2026-07-15T09:00,B0,1,PERFLAB,PERFLAB_SVC,1it3ra1000003,771122330099,LITERAL_LOOKUP_T03,SETTLEMENT,LOOKUP_LITERAL,1765432109,ON CPU,ON CPU,CPU,1
2026-07-15T09:00,B0,1,PERFLAB,PERFLAB_SVC,1it3ra1000003,771122330099,LITERAL_LOOKUP_T03,SETTLEMENT,LOOKUP_LITERAL,1765432109,WAITING,db file sequential read,User I/O,1
2026-07-15T09:00,B0,1,PERFLAB,PERFLAB_SVC,0th3rn015e001,555000111222,NORMAL_ORDER_API,ORDER_API,NORMAL_TX,990011223,ON CPU,ON CPU,CPU,68
2026-07-15T09:00,B0,1,PERFLAB,PERFLAB_SVC,0th3rn015e001,555000111222,NORMAL_ORDER_API,ORDER_API,NORMAL_TX,990011223,WAITING,db file sequential read,User I/O,40
2026-07-15T09:01,B0,1,PERFLAB,PERFLAB_SVC,9u1m3rg3a0b1x,918273645001,SETTLEMENT_MERGE,SETTLEMENT,MERGE_BATCH,4289017712,ON CPU,ON CPU,CPU,9
2026-07-15T09:01,B0,1,PERFLAB,PERFLAB_SVC,9u1m3rg3a0b1x,918273645001,SETTLEMENT_MERGE,SETTLEMENT,MERGE_BATCH,4289017712,WAITING,db file sequential read,User I/O,6
2026-07-15T09:01,B0,1,PERFLAB,PERFLAB_SVC,1it3ra1000001,771122330099,LITERAL_LOOKUP_T01,SETTLEMENT,LOOKUP_LITERAL,1765432109,ON CPU,ON CPU,CPU,1
2026-07-15T09:01,B0,1,PERFLAB,PERFLAB_SVC,1it3ra1000001,771122330099,LITERAL_LOOKUP_T01,SETTLEMENT,LOOKUP_LITERAL,1765432109,WAITING,db file sequential read,User I/O,1
2026-07-15T09:01,B0,1,PERFLAB,PERFLAB_SVC,1it3ra1000002,771122330099,LITERAL_LOOKUP_T02,SETTLEMENT,LOOKUP_LITERAL,1765432109,ON CPU,ON CPU,CPU,1
2026-07-15T09:01,B0,1,PERFLAB,PERFLAB_SVC,1it3ra1000002,771122330099,LITERAL_LOOKUP_T02,SETTLEMENT,LOOKUP_LITERAL,1765432109,WAITING,db file sequential read,User I/O,1
2026-07-15T09:01,B0,1,PERFLAB,PERFLAB_SVC,1it3ra1000003,771122330099,LITERAL_LOOKUP_T03,SETTLEMENT,LOOKUP_LITERAL,1765432109,ON CPU,ON CPU,CPU,1
2026-07-15T09:01,B0,1,PERFLAB,PERFLAB_SVC,1it3ra1000003,771122330099,LITERAL_LOOKUP_T03,SETTLEMENT,LOOKUP_LITERAL,1765432109,WAITING,db file sequential read,User I/O,1
2026-07-15T09:01,B0,1,PERFLAB,PERFLAB_SVC,0th3rn015e001,555000111222,NORMAL_ORDER_API,ORDER_API,NORMAL_TX,990011223,ON CPU,ON CPU,CPU,65
2026-07-15T09:01,B0,1,PERFLAB,PERFLAB_SVC,0th3rn015e001,555000111222,NORMAL_ORDER_API,ORDER_API,NORMAL_TX,990011223,WAITING,db file sequential read,User I/O,39
2026-07-15T09:02,B0,1,PERFLAB,PERFLAB_SVC,9u1m3rg3a0b1x,918273645001,SETTLEMENT_MERGE,SETTLEMENT,MERGE_BATCH,4289017712,ON CPU,ON CPU,CPU,9
2026-07-15T09:02,B0,1,PERFLAB,PERFLAB_SVC,9u1m3rg3a0b1x,918273645001,SETTLEMENT_MERGE,SETTLEMENT,MERGE_BATCH,4289017712,WAITING,db file sequential read,User I/O,6
2026-07-15T09:02,B0,1,PERFLAB,PERFLAB_SVC,1it3ra1000001,771122330099,LITERAL_LOOKUP_T01,SETTLEMENT,LOOKUP_LITERAL,1765432109,ON CPU,ON CPU,CPU,1
2026-07-15T09:02,B0,1,PERFLAB,PERFLAB_SVC,1it3ra1000001,771122330099,LITERAL_LOOKUP_T01,SETTLEMENT,LOOKUP_LITERAL,1765432109,WAITING,db file sequential read,User I/O,1
2026-07-15T09:02,B0,1,PERFLAB,PERFLAB_SVC,1it3ra1000002,771122330099,LITERAL_LOOKUP_T02,SETTLEMENT,LOOKUP_LITERAL,1765432109,ON CPU,ON CPU,CPU,1
2026-07-15T09:02,B0,1,PERFLAB,PERFLAB_SVC,1it3ra1000002,771122330099,LITERAL_LOOKUP_T02,SETTLEMENT,LOOKUP_LITERAL,1765432109,WAITING,db file sequential read,User I/O,1
2026-07-15T09:02,B0,1,PERFLAB,PERFLAB_SVC,1it3ra1000003,771122330099,LITERAL_LOOKUP_T03,SETTLEMENT,LOOKUP_LITERAL,1765432109,ON CPU,ON CPU,CPU,1
2026-07-15T09:02,B0,1,PERFLAB,PERFLAB_SVC,1it3ra1000003,771122330099,LITERAL_LOOKUP_T03,SETTLEMENT,LOOKUP_LITERAL,1765432109,WAITING,db file sequential read,User I/O,1
2026-07-15T09:02,B0,1,PERFLAB,PERFLAB_SVC,0th3rn015e001,555000111222,NORMAL_ORDER_API,ORDER_API,NORMAL_TX,990011223,ON CPU,ON CPU,CPU,64
2026-07-15T09:02,B0,1,PERFLAB,PERFLAB_SVC,0th3rn015e001,555000111222,NORMAL_ORDER_API,ORDER_API,NORMAL_TX,990011223,WAITING,db file sequential read,User I/O,38
2026-07-15T09:03,B0,1,PERFLAB,PERFLAB_SVC,9u1m3rg3a0b1x,918273645001,SETTLEMENT_MERGE,SETTLEMENT,MERGE_BATCH,4289017712,ON CPU,ON CPU,CPU,9
2026-07-15T09:03,B0,1,PERFLAB,PERFLAB_SVC,9u1m3rg3a0b1x,918273645001,SETTLEMENT_MERGE,SETTLEMENT,MERGE_BATCH,4289017712,WAITING,db file sequential read,User I/O,6
2026-07-15T09:03,B0,1,PERFLAB,PERFLAB_SVC,1it3ra1000001,771122330099,LITERAL_LOOKUP_T01,SETTLEMENT,LOOKUP_LITERAL,1765432109,ON CPU,ON CPU,CPU,1
2026-07-15T09:03,B0,1,PERFLAB,PERFLAB_SVC,1it3ra1000001,771122330099,LITERAL_LOOKUP_T01,SETTLEMENT,LOOKUP_LITERAL,1765432109,WAITING,db file sequential read,User I/O,1
2026-07-15T09:03,B0,1,PERFLAB,PERFLAB_SVC,1it3ra1000002,771122330099,LITERAL_LOOKUP_T02,SETTLEMENT,LOOKUP_LITERAL,1765432109,ON CPU,ON CPU,CPU,1
2026-07-15T09:03,B0,1,PERFLAB,PERFLAB_SVC,1it3ra1000002,771122330099,LITERAL_LOOKUP_T02,SETTLEMENT,LOOKUP_LITERAL,1765432109,WAITING,db file sequential read,User I/O,1
2026-07-15T09:03,B0,1,PERFLAB,PERFLAB_SVC,1it3ra1000003,771122330099,LITERAL_LOOKUP_T03,SETTLEMENT,LOOKUP_LITERAL,1765432109,ON CPU,ON CPU,CPU,1
2026-07-15T09:03,B0,1,PERFLAB,PERFLAB_SVC,1it3ra1000003,771122330099,LITERAL_LOOKUP_T03,SETTLEMENT,LOOKUP_LITERAL,1765432109,WAITING,db file sequential read,User I/O,1
2026-07-15T09:03,B0,1,PERFLAB,PERFLAB_SVC,0th3rn015e001,555000111222,NORMAL_ORDER_API,ORDER_API,NORMAL_TX,990011223,ON CPU,ON CPU,CPU,67
2026-07-15T09:03,B0,1,PERFLAB,PERFLAB_SVC,0th3rn015e001,555000111222,NORMAL_ORDER_API,ORDER_API,NORMAL_TX,990011223,WAITING,db file sequential read,User I/O,40
2026-07-15T09:04,B0,1,PERFLAB,PERFLAB_SVC,9u1m3rg3a0b1x,918273645001,SETTLEMENT_MERGE,SETTLEMENT,MERGE_BATCH,4289017712,ON CPU,ON CPU,CPU,9
2026-07-15T09:04,B0,1,PERFLAB,PERFLAB_SVC,9u1m3rg3a0b1x,918273645001,SETTLEMENT_MERGE,SETTLEMENT,MERGE_BATCH,4289017712,WAITING,db file sequential read,User I/O,6
2026-07-15T09:04,B0,1,PERFLAB,PERFLAB_SVC,1it3ra1000001,771122330099,LITERAL_LOOKUP_T01,SETTLEMENT,LOOKUP_LITERAL,1765432109,ON CPU,ON CPU,CPU,1
2026-07-15T09:04,B0,1,PERFLAB,PERFLAB_SVC,1it3ra1000001,771122330099,LITERAL_LOOKUP_T01,SETTLEMENT,LOOKUP_LITERAL,1765432109,WAITING,db file sequential read,User I/O,1
2026-07-15T09:04,B0,1,PERFLAB,PERFLAB_SVC,1it3ra1000002,771122330099,LITERAL_LOOKUP_T02,SETTLEMENT,LOOKUP_LITERAL,1765432109,ON CPU,ON CPU,CPU,1
2026-07-15T09:04,B0,1,PERFLAB,PERFLAB_SVC,1it3ra1000002,771122330099,LITERAL_LOOKUP_T02,SETTLEMENT,LOOKUP_LITERAL,1765432109,WAITING,db file sequential read,User I/O,1
2026-07-15T09:04,B0,1,PERFLAB,PERFLAB_SVC,1it3ra1000003,771122330099,LITERAL_LOOKUP_T03,SETTLEMENT,LOOKUP_LITERAL,1765432109,ON CPU,ON CPU,CPU,1
2026-07-15T09:04,B0,1,PERFLAB,PERFLAB_SVC,1it3ra1000003,771122330099,LITERAL_LOOKUP_T03,SETTLEMENT,LOOKUP_LITERAL,1765432109,WAITING,db file sequential read,User I/O,1
2026-07-15T09:04,B0,1,PERFLAB,PERFLAB_SVC,0th3rn015e001,555000111222,NORMAL_ORDER_API,ORDER_API,NORMAL_TX,990011223,ON CPU,ON CPU,CPU,68
2026-07-15T09:04,B0,1,PERFLAB,PERFLAB_SVC,0th3rn015e001,555000111222,NORMAL_ORDER_API,ORDER_API,NORMAL_TX,990011223,WAITING,db file sequential read,User I/O,39
2026-07-15T09:05,B0,1,PERFLAB,PERFLAB_SVC,9u1m3rg3a0b1x,918273645001,SETTLEMENT_MERGE,SETTLEMENT,MERGE_BATCH,4289017712,ON CPU,ON CPU,CPU,9
2026-07-15T09:05,B0,1,PERFLAB,PERFLAB_SVC,9u1m3rg3a0b1x,918273645001,SETTLEMENT_MERGE,SETTLEMENT,MERGE_BATCH,4289017712,WAITING,db file sequential read,User I/O,6
2026-07-15T09:05,B0,1,PERFLAB,PERFLAB_SVC,1it3ra1000001,771122330099,LITERAL_LOOKUP_T01,SETTLEMENT,LOOKUP_LITERAL,1765432109,ON CPU,ON CPU,CPU,1
2026-07-15T09:05,B0,1,PERFLAB,PERFLAB_SVC,1it3ra1000001,771122330099,LITERAL_LOOKUP_T01,SETTLEMENT,LOOKUP_LITERAL,1765432109,WAITING,db file sequential read,User I/O,1
2026-07-15T09:05,B0,1,PERFLAB,PERFLAB_SVC,1it3ra1000002,771122330099,LITERAL_LOOKUP_T02,SETTLEMENT,LOOKUP_LITERAL,1765432109,ON CPU,ON CPU,CPU,1
2026-07-15T09:05,B0,1,PERFLAB,PERFLAB_SVC,1it3ra1000002,771122330099,LITERAL_LOOKUP_T02,SETTLEMENT,LOOKUP_LITERAL,1765432109,WAITING,db file sequential read,User I/O,1
2026-07-15T09:05,B0,1,PERFLAB,PERFLAB_SVC,1it3ra1000003,771122330099,LITERAL_LOOKUP_T03,SETTLEMENT,LOOKUP_LITERAL,1765432109,ON CPU,ON CPU,CPU,1
2026-07-15T09:05,B0,1,PERFLAB,PERFLAB_SVC,1it3ra1000003,771122330099,LITERAL_LOOKUP_T03,SETTLEMENT,LOOKUP_LITERAL,1765432109,WAITING,db file sequential read,User I/O,1
2026-07-15T09:05,B0,1,PERFLAB,PERFLAB_SVC,0th3rn015e001,555000111222,NORMAL_ORDER_API,ORDER_API,NORMAL_TX,990011223,ON CPU,ON CPU,CPU,65
2026-07-15T09:05,B0,1,PERFLAB,PERFLAB_SVC,0th3rn015e001,555000111222,NORMAL_ORDER_API,ORDER_API,NORMAL_TX,990011223,WAITING,db file sequential read,User I/O,38
2026-07-15T09:06,B0,1,PERFLAB,PERFLAB_SVC,9u1m3rg3a0b1x,918273645001,SETTLEMENT_MERGE,SETTLEMENT,MERGE_BATCH,4289017712,ON CPU,ON CPU,CPU,9
2026-07-15T09:06,B0,1,PERFLAB,PERFLAB_SVC,9u1m3rg3a0b1x,918273645001,SETTLEMENT_MERGE,SETTLEMENT,MERGE_BATCH,4289017712,WAITING,db file sequential read,User I/O,6
2026-07-15T09:06,B0,1,PERFLAB,PERFLAB_SVC,1it3ra1000001,771122330099,LITERAL_LOOKUP_T01,SETTLEMENT,LOOKUP_LITERAL,1765432109,ON CPU,ON CPU,CPU,1
2026-07-15T09:06,B0,1,PERFLAB,PERFLAB_SVC,1it3ra1000001,771122330099,LITERAL_LOOKUP_T01,SETTLEMENT,LOOKUP_LITERAL,1765432109,WAITING,db file sequential read,User I/O,1
2026-07-15T09:06,B0,1,PERFLAB,PERFLAB_SVC,1it3ra1000002,771122330099,LITERAL_LOOKUP_T02,SETTLEMENT,LOOKUP_LITERAL,1765432109,ON CPU,ON CPU,CPU,1
2026-07-15T09:06,B0,1,PERFLAB,PERFLAB_SVC,1it3ra1000002,771122330099,LITERAL_LOOKUP_T02,SETTLEMENT,LOOKUP_LITERAL,1765432109,WAITING,db file sequential read,User I/O,1
2026-07-15T09:06,B0,1,PERFLAB,PERFLAB_SVC,1it3ra1000003,771122330099,LITERAL_LOOKUP_T03,SETTLEMENT,LOOKUP_LITERAL,1765432109,ON CPU,ON CPU,CPU,1
2026-07-15T09:06,B0,1,PERFLAB,PERFLAB_SVC,1it3ra1000003,771122330099,LITERAL_LOOKUP_T03,SETTLEMENT,LOOKUP_LITERAL,1765432109,WAITING,db file sequential read,User I/O,1
2026-07-15T09:06,B0,1,PERFLAB,PERFLAB_SVC,0th3rn015e001,555000111222,NORMAL_ORDER_API,ORDER_API,NORMAL_TX,990011223,ON CPU,ON CPU,CPU,65
2026-07-15T09:06,B0,1,PERFLAB,PERFLAB_SVC,0th3rn015e001,555000111222,NORMAL_ORDER_API,ORDER_API,NORMAL_TX,990011223,WAITING,db file sequential read,User I/O,38
2026-07-15T09:07,B0,1,PERFLAB,PERFLAB_SVC,9u1m3rg3a0b1x,918273645001,SETTLEMENT_MERGE,SETTLEMENT,MERGE_BATCH,4289017712,ON CPU,ON CPU,CPU,9
2026-07-15T09:07,B0,1,PERFLAB,PERFLAB_SVC,9u1m3rg3a0b1x,918273645001,SETTLEMENT_MERGE,SETTLEMENT,MERGE_BATCH,4289017712,WAITING,db file sequential read,User I/O,6
2026-07-15T09:07,B0,1,PERFLAB,PERFLAB_SVC,1it3ra1000001,771122330099,LITERAL_LOOKUP_T01,SETTLEMENT,LOOKUP_LITERAL,1765432109,ON CPU,ON CPU,CPU,1
2026-07-15T09:07,B0,1,PERFLAB,PERFLAB_SVC,1it3ra1000001,771122330099,LITERAL_LOOKUP_T01,SETTLEMENT,LOOKUP_LITERAL,1765432109,WAITING,db file sequential read,User I/O,1
2026-07-15T09:07,B0,1,PERFLAB,PERFLAB_SVC,1it3ra1000002,771122330099,LITERAL_LOOKUP_T02,SETTLEMENT,LOOKUP_LITERAL,1765432109,ON CPU,ON CPU,CPU,1
2026-07-15T09:07,B0,1,PERFLAB,PERFLAB_SVC,1it3ra1000002,771122330099,LITERAL_LOOKUP_T02,SETTLEMENT,LOOKUP_LITERAL,1765432109,WAITING,db file sequential read,User I/O,1
2026-07-15T09:07,B0,1,PERFLAB,PERFLAB_SVC,1it3ra1000003,771122330099,LITERAL_LOOKUP_T03,SETTLEMENT,LOOKUP_LITERAL,1765432109,ON CPU,ON CPU,CPU,1
2026-07-15T09:07,B0,1,PERFLAB,PERFLAB_SVC,1it3ra1000003,771122330099,LITERAL_LOOKUP_T03,SETTLEMENT,LOOKUP_LITERAL,1765432109,WAITING,db file sequential read,User I/O,1
2026-07-15T09:07,B0,1,PERFLAB,PERFLAB_SVC,0th3rn015e001,555000111222,NORMAL_ORDER_API,ORDER_API,NORMAL_TX,990011223,ON CPU,ON CPU,CPU,68
2026-07-15T09:07,B0,1,PERFLAB,PERFLAB_SVC,0th3rn015e001,555000111222,NORMAL_ORDER_API,ORDER_API,NORMAL_TX,990011223,WAITING,db file sequential read,User I/O,40
2026-07-15T09:08,B0,1,PERFLAB,PERFLAB_SVC,9u1m3rg3a0b1x,918273645001,SETTLEMENT_MERGE,SETTLEMENT,MERGE_BATCH,4289017712,ON CPU,ON CPU,CPU,9
2026-07-15T09:08,B0,1,PERFLAB,PERFLAB_SVC,9u1m3rg3a0b1x,918273645001,SETTLEMENT_MERGE,SETTLEMENT,MERGE_BATCH,4289017712,WAITING,db file sequential read,User I/O,6
2026-07-15T09:08,B0,1,PERFLAB,PERFLAB_SVC,1it3ra1000001,771122330099,LITERAL_LOOKUP_T01,SETTLEMENT,LOOKUP_LITERAL,1765432109,ON CPU,ON CPU,CPU,1
2026-07-15T09:08,B0,1,PERFLAB,PERFLAB_SVC,1it3ra1000001,771122330099,LITERAL_LOOKUP_T01,SETTLEMENT,LOOKUP_LITERAL,1765432109,WAITING,db file sequential read,User I/O,1
2026-07-15T09:08,B0,1,PERFLAB,PERFLAB_SVC,1it3ra1000002,771122330099,LITERAL_LOOKUP_T02,SETTLEMENT,LOOKUP_LITERAL,1765432109,ON CPU,ON CPU,CPU,1
2026-07-15T09:08,B0,1,PERFLAB,PERFLAB_SVC,1it3ra1000002,771122330099,LITERAL_LOOKUP_T02,SETTLEMENT,LOOKUP_LITERAL,1765432109,WAITING,db file sequential read,User I/O,1
2026-07-15T09:08,B0,1,PERFLAB,PERFLAB_SVC,1it3ra1000003,771122330099,LITERAL_LOOKUP_T03,SETTLEMENT,LOOKUP_LITERAL,1765432109,ON CPU,ON CPU,CPU,1
2026-07-15T09:08,B0,1,PERFLAB,PERFLAB_SVC,1it3ra1000003,771122330099,LITERAL_LOOKUP_T03,SETTLEMENT,LOOKUP_LITERAL,1765432109,WAITING,db file sequential read,User I/O,1
2026-07-15T09:08,B0,1,PERFLAB,PERFLAB_SVC,0th3rn015e001,555000111222,NORMAL_ORDER_API,ORDER_API,NORMAL_TX,990011223,ON CPU,ON CPU,CPU,67
2026-07-15T09:08,B0,1,PERFLAB,PERFLAB_SVC,0th3rn015e001,555000111222,NORMAL_ORDER_API,ORDER_API,NORMAL_TX,990011223,WAITING,db file sequential read,User I/O,39
2026-07-15T09:09,B0,1,PERFLAB,PERFLAB_SVC,9u1m3rg3a0b1x,918273645001,SETTLEMENT_MERGE,SETTLEMENT,MERGE_BATCH,4289017712,ON CPU,ON CPU,CPU,9
2026-07-15T09:09,B0,1,PERFLAB,PERFLAB_SVC,9u1m3rg3a0b1x,918273645001,SETTLEMENT_MERGE,SETTLEMENT,MERGE_BATCH,4289017712,WAITING,db file sequential read,User I/O,6
2026-07-15T09:09,B0,1,PERFLAB,PERFLAB_SVC,1it3ra1000001,771122330099,LITERAL_LOOKUP_T01,SETTLEMENT,LOOKUP_LITERAL,1765432109,ON CPU,ON CPU,CPU,1
2026-07-15T09:09,B0,1,PERFLAB,PERFLAB_SVC,1it3ra1000001,771122330099,LITERAL_LOOKUP_T01,SETTLEMENT,LOOKUP_LITERAL,1765432109,WAITING,db file sequential read,User I/O,1
2026-07-15T09:09,B0,1,PERFLAB,PERFLAB_SVC,1it3ra1000002,771122330099,LITERAL_LOOKUP_T02,SETTLEMENT,LOOKUP_LITERAL,1765432109,ON CPU,ON CPU,CPU,1
2026-07-15T09:09,B0,1,PERFLAB,PERFLAB_SVC,1it3ra1000002,771122330099,LITERAL_LOOKUP_T02,SETTLEMENT,LOOKUP_LITERAL,1765432109,WAITING,db file sequential read,User I/O,1
2026-07-15T09:09,B0,1,PERFLAB,PERFLAB_SVC,1it3ra1000003,771122330099,LITERAL_LOOKUP_T03,SETTLEMENT,LOOKUP_LITERAL,1765432109,ON CPU,ON CPU,CPU,1
2026-07-15T09:09,B0,1,PERFLAB,PERFLAB_SVC,1it3ra1000003,771122330099,LITERAL_LOOKUP_T03,SETTLEMENT,LOOKUP_LITERAL,1765432109,WAITING,db file sequential read,User I/O,1
2026-07-15T09:09,B0,1,PERFLAB,PERFLAB_SVC,0th3rn015e001,555000111222,NORMAL_ORDER_API,ORDER_API,NORMAL_TX,990011223,ON CPU,ON CPU,CPU,64
2026-07-15T09:09,B0,1,PERFLAB,PERFLAB_SVC,0th3rn015e001,555000111222,NORMAL_ORDER_API,ORDER_API,NORMAL_TX,990011223,WAITING,db file sequential read,User I/O,38
2026-07-15T09:10,B0,1,PERFLAB,PERFLAB_SVC,9u1m3rg3a0b1x,918273645001,SETTLEMENT_MERGE,SETTLEMENT,MERGE_BATCH,4289017712,ON CPU,ON CPU,CPU,9
2026-07-15T09:10,B0,1,PERFLAB,PERFLAB_SVC,9u1m3rg3a0b1x,918273645001,SETTLEMENT_MERGE,SETTLEMENT,MERGE_BATCH,4289017712,WAITING,db file sequential read,User I/O,6
2026-07-15T09:10,B0,1,PERFLAB,PERFLAB_SVC,1it3ra1000001,771122330099,LITERAL_LOOKUP_T01,SETTLEMENT,LOOKUP_LITERAL,1765432109,ON CPU,ON CPU,CPU,1
2026-07-15T09:10,B0,1,PERFLAB,PERFLAB_SVC,1it3ra1000001,771122330099,LITERAL_LOOKUP_T01,SETTLEMENT,LOOKUP_LITERAL,1765432109,WAITING,db file sequential read,User I/O,1
2026-07-15T09:10,B0,1,PERFLAB,PERFLAB_SVC,1it3ra1000002,771122330099,LITERAL_LOOKUP_T02,SETTLEMENT,LOOKUP_LITERAL,1765432109,ON CPU,ON CPU,CPU,1
2026-07-15T09:10,B0,1,PERFLAB,PERFLAB_SVC,1it3ra1000002,771122330099,LITERAL_LOOKUP_T02,SETTLEMENT,LOOKUP_LITERAL,1765432109,WAITING,db file sequential read,User I/O,1
2026-07-15T09:10,B0,1,PERFLAB,PERFLAB_SVC,1it3ra1000003,771122330099,LITERAL_LOOKUP_T03,SETTLEMENT,LOOKUP_LITERAL,1765432109,ON CPU,ON CPU,CPU,1
2026-07-15T09:10,B0,1,PERFLAB,PERFLAB_SVC,1it3ra1000003,771122330099,LITERAL_LOOKUP_T03,SETTLEMENT,LOOKUP_LITERAL,1765432109,WAITING,db file sequential read,User I/O,1
2026-07-15T09:10,B0,1,PERFLAB,PERFLAB_SVC,0th3rn015e001,555000111222,NORMAL_ORDER_API,ORDER_API,NORMAL_TX,990011223,ON CPU,ON CPU,CPU,66
2026-07-15T09:10,B0,1,PERFLAB,PERFLAB_SVC,0th3rn015e001,555000111222,NORMAL_ORDER_API,ORDER_API,NORMAL_TX,990011223,WAITING,db file sequential read,User I/O,38
2026-07-15T09:11,B0,1,PERFLAB,PERFLAB_SVC,9u1m3rg3a0b1x,918273645001,SETTLEMENT_MERGE,SETTLEMENT,MERGE_BATCH,4289017712,ON CPU,ON CPU,CPU,9
2026-07-15T09:11,B0,1,PERFLAB,PERFLAB_SVC,9u1m3rg3a0b1x,918273645001,SETTLEMENT_MERGE,SETTLEMENT,MERGE_BATCH,4289017712,WAITING,db file sequential read,User I/O,6
2026-07-15T09:11,B0,1,PERFLAB,PERFLAB_SVC,1it3ra1000001,771122330099,LITERAL_LOOKUP_T01,SETTLEMENT,LOOKUP_LITERAL,1765432109,ON CPU,ON CPU,CPU,1
2026-07-15T09:11,B0,1,PERFLAB,PERFLAB_SVC,1it3ra1000001,771122330099,LITERAL_LOOKUP_T01,SETTLEMENT,LOOKUP_LITERAL,1765432109,WAITING,db file sequential read,User I/O,1
2026-07-15T09:11,B0,1,PERFLAB,PERFLAB_SVC,1it3ra1000002,771122330099,LITERAL_LOOKUP_T02,SETTLEMENT,LOOKUP_LITERAL,1765432109,ON CPU,ON CPU,CPU,1
2026-07-15T09:11,B0,1,PERFLAB,PERFLAB_SVC,1it3ra1000002,771122330099,LITERAL_LOOKUP_T02,SETTLEMENT,LOOKUP_LITERAL,1765432109,WAITING,db file sequential read,User I/O,1
2026-07-15T09:11,B0,1,PERFLAB,PERFLAB_SVC,1it3ra1000003,771122330099,LITERAL_LOOKUP_T03,SETTLEMENT,LOOKUP_LITERAL,1765432109,ON CPU,ON CPU,CPU,1
2026-07-15T09:11,B0,1,PERFLAB,PERFLAB_SVC,1it3ra1000003,771122330099,LITERAL_LOOKUP_T03,SETTLEMENT,LOOKUP_LITERAL,1765432109,WAITING,db file sequential read,User I/O,1
2026-07-15T09:11,B0,1,PERFLAB,PERFLAB_SVC,0th3rn015e001,555000111222,NORMAL_ORDER_API,ORDER_API,NORMAL_TX,990011223,ON CPU,ON CPU,CPU,68
2026-07-15T09:11,B0,1,PERFLAB,PERFLAB_SVC,0th3rn015e001,555000111222,NORMAL_ORDER_API,ORDER_API,NORMAL_TX,990011223,WAITING,db file sequential read,User I/O,40
2026-07-15T09:12,B0,1,PERFLAB,PERFLAB_SVC,9u1m3rg3a0b1x,918273645001,SETTLEMENT_MERGE,SETTLEMENT,MERGE_BATCH,4289017712,ON CPU,ON CPU,CPU,9
2026-07-15T09:12,B0,1,PERFLAB,PERFLAB_SVC,9u1m3rg3a0b1x,918273645001,SETTLEMENT_MERGE,SETTLEMENT,MERGE_BATCH,4289017712,WAITING,db file sequential read,User I/O,6
2026-07-15T09:12,B0,1,PERFLAB,PERFLAB_SVC,1it3ra1000001,771122330099,LITERAL_LOOKUP_T01,SETTLEMENT,LOOKUP_LITERAL,1765432109,ON CPU,ON CPU,CPU,1
2026-07-15T09:12,B0,1,PERFLAB,PERFLAB_SVC,1it3ra1000001,771122330099,LITERAL_LOOKUP_T01,SETTLEMENT,LOOKUP_LITERAL,1765432109,WAITING,db file sequential read,User I/O,1
2026-07-15T09:12,B0,1,PERFLAB,PERFLAB_SVC,1it3ra1000002,771122330099,LITERAL_LOOKUP_T02,SETTLEMENT,LOOKUP_LITERAL,1765432109,ON CPU,ON CPU,CPU,1
2026-07-15T09:12,B0,1,PERFLAB,PERFLAB_SVC,1it3ra1000002,771122330099,LITERAL_LOOKUP_T02,SETTLEMENT,LOOKUP_LITERAL,1765432109,WAITING,db file sequential read,User I/O,1
2026-07-15T09:12,B0,1,PERFLAB,PERFLAB_SVC,1it3ra1000003,771122330099,LITERAL_LOOKUP_T03,SETTLEMENT,LOOKUP_LITERAL,1765432109,ON CPU,ON CPU,CPU,1
2026-07-15T09:12,B0,1,PERFLAB,PERFLAB_SVC,1it3ra1000003,771122330099,LITERAL_LOOKUP_T03,SETTLEMENT,LOOKUP_LITERAL,1765432109,WAITING,db file sequential read,User I/O,1
2026-07-15T09:12,B0,1,PERFLAB,PERFLAB_SVC,0th3rn015e001,555000111222,NORMAL_ORDER_API,ORDER_API,NORMAL_TX,990011223,ON CPU,ON CPU,CPU,66
2026-07-15T09:12,B0,1,PERFLAB,PERFLAB_SVC,0th3rn015e001,555000111222,NORMAL_ORDER_API,ORDER_API,NORMAL_TX,990011223,WAITING,db file sequential read,User I/O,38
2026-07-15T09:13,B0,1,PERFLAB,PERFLAB_SVC,9u1m3rg3a0b1x,918273645001,SETTLEMENT_MERGE,SETTLEMENT,MERGE_BATCH,4289017712,ON CPU,ON CPU,CPU,9
2026-07-15T09:13,B0,1,PERFLAB,PERFLAB_SVC,9u1m3rg3a0b1x,918273645001,SETTLEMENT_MERGE,SETTLEMENT,MERGE_BATCH,4289017712,WAITING,db file sequential read,User I/O,6
2026-07-15T09:13,B0,1,PERFLAB,PERFLAB_SVC,1it3ra1000001,771122330099,LITERAL_LOOKUP_T01,SETTLEMENT,LOOKUP_LITERAL,1765432109,ON CPU,ON CPU,CPU,1
2026-07-15T09:13,B0,1,PERFLAB,PERFLAB_SVC,1it3ra1000001,771122330099,LITERAL_LOOKUP_T01,SETTLEMENT,LOOKUP_LITERAL,1765432109,WAITING,db file sequential read,User I/O,1
2026-07-15T09:13,B0,1,PERFLAB,PERFLAB_SVC,1it3ra1000002,771122330099,LITERAL_LOOKUP_T02,SETTLEMENT,LOOKUP_LITERAL,1765432109,ON CPU,ON CPU,CPU,1
2026-07-15T09:13,B0,1,PERFLAB,PERFLAB_SVC,1it3ra1000002,771122330099,LITERAL_LOOKUP_T02,SETTLEMENT,LOOKUP_LITERAL,1765432109,WAITING,db file sequential read,User I/O,1
2026-07-15T09:13,B0,1,PERFLAB,PERFLAB_SVC,1it3ra1000003,771122330099,LITERAL_LOOKUP_T03,SETTLEMENT,LOOKUP_LITERAL,1765432109,ON CPU,ON CPU,CPU,1
2026-07-15T09:13,B0,1,PERFLAB,PERFLAB_SVC,1it3ra1000003,771122330099,LITERAL_LOOKUP_T03,SETTLEMENT,LOOKUP_LITERAL,1765432109,WAITING,db file sequential read,User I/O,1
2026-07-15T09:13,B0,1,PERFLAB,PERFLAB_SVC,0th3rn015e001,555000111222,NORMAL_ORDER_API,ORDER_API,NORMAL_TX,990011223,ON CPU,ON CPU,CPU,64
2026-07-15T09:13,B0,1,PERFLAB,PERFLAB_SVC,0th3rn015e001,555000111222,NORMAL_ORDER_API,ORDER_API,NORMAL_TX,990011223,WAITING,db file sequential read,User I/O,38
2026-07-15T09:14,B0,1,PERFLAB,PERFLAB_SVC,9u1m3rg3a0b1x,918273645001,SETTLEMENT_MERGE,SETTLEMENT,MERGE_BATCH,4289017712,ON CPU,ON CPU,CPU,9
2026-07-15T09:14,B0,1,PERFLAB,PERFLAB_SVC,9u1m3rg3a0b1x,918273645001,SETTLEMENT_MERGE,SETTLEMENT,MERGE_BATCH,4289017712,WAITING,db file sequential read,User I/O,6
2026-07-15T09:14,B0,1,PERFLAB,PERFLAB_SVC,1it3ra1000001,771122330099,LITERAL_LOOKUP_T01,SETTLEMENT,LOOKUP_LITERAL,1765432109,ON CPU,ON CPU,CPU,1
2026-07-15T09:14,B0,1,PERFLAB,PERFLAB_SVC,1it3ra1000001,771122330099,LITERAL_LOOKUP_T01,SETTLEMENT,LOOKUP_LITERAL,1765432109,WAITING,db file sequential read,User I/O,1
2026-07-15T09:14,B0,1,PERFLAB,PERFLAB_SVC,1it3ra1000002,771122330099,LITERAL_LOOKUP_T02,SETTLEMENT,LOOKUP_LITERAL,1765432109,ON CPU,ON CPU,CPU,1
2026-07-15T09:14,B0,1,PERFLAB,PERFLAB_SVC,1it3ra1000002,771122330099,LITERAL_LOOKUP_T02,SETTLEMENT,LOOKUP_LITERAL,1765432109,WAITING,db file sequential read,User I/O,1
2026-07-15T09:14,B0,1,PERFLAB,PERFLAB_SVC,1it3ra1000003,771122330099,LITERAL_LOOKUP_T03,SETTLEMENT,LOOKUP_LITERAL,1765432109,ON CPU,ON CPU,CPU,1
2026-07-15T09:14,B0,1,PERFLAB,PERFLAB_SVC,1it3ra1000003,771122330099,LITERAL_LOOKUP_T03,SETTLEMENT,LOOKUP_LITERAL,1765432109,WAITING,db file sequential read,User I/O,1
2026-07-15T09:14,B0,1,PERFLAB,PERFLAB_SVC,0th3rn015e001,555000111222,NORMAL_ORDER_API,ORDER_API,NORMAL_TX,990011223,ON CPU,ON CPU,CPU,67
2026-07-15T09:14,B0,1,PERFLAB,PERFLAB_SVC,0th3rn015e001,555000111222,NORMAL_ORDER_API,ORDER_API,NORMAL_TX,990011223,WAITING,db file sequential read,User I/O,39
2026-07-15T09:15,B0,1,PERFLAB,PERFLAB_SVC,9u1m3rg3a0b1x,918273645001,SETTLEMENT_MERGE,SETTLEMENT,MERGE_BATCH,4289017712,ON CPU,ON CPU,CPU,9
2026-07-15T09:15,B0,1,PERFLAB,PERFLAB_SVC,9u1m3rg3a0b1x,918273645001,SETTLEMENT_MERGE,SETTLEMENT,MERGE_BATCH,4289017712,WAITING,db file sequential read,User I/O,6
2026-07-15T09:15,B0,1,PERFLAB,PERFLAB_SVC,1it3ra1000001,771122330099,LITERAL_LOOKUP_T01,SETTLEMENT,LOOKUP_LITERAL,1765432109,ON CPU,ON CPU,CPU,1
2026-07-15T09:15,B0,1,PERFLAB,PERFLAB_SVC,1it3ra1000001,771122330099,LITERAL_LOOKUP_T01,SETTLEMENT,LOOKUP_LITERAL,1765432109,WAITING,db file sequential read,User I/O,1
2026-07-15T09:15,B0,1,PERFLAB,PERFLAB_SVC,1it3ra1000002,771122330099,LITERAL_LOOKUP_T02,SETTLEMENT,LOOKUP_LITERAL,1765432109,ON CPU,ON CPU,CPU,1
2026-07-15T09:15,B0,1,PERFLAB,PERFLAB_SVC,1it3ra1000002,771122330099,LITERAL_LOOKUP_T02,SETTLEMENT,LOOKUP_LITERAL,1765432109,WAITING,db file sequential read,User I/O,1
2026-07-15T09:15,B0,1,PERFLAB,PERFLAB_SVC,1it3ra1000003,771122330099,LITERAL_LOOKUP_T03,SETTLEMENT,LOOKUP_LITERAL,1765432109,ON CPU,ON CPU,CPU,1
2026-07-15T09:15,B0,1,PERFLAB,PERFLAB_SVC,1it3ra1000003,771122330099,LITERAL_LOOKUP_T03,SETTLEMENT,LOOKUP_LITERAL,1765432109,WAITING,db file sequential read,User I/O,1
2026-07-15T09:15,B0,1,PERFLAB,PERFLAB_SVC,0th3rn015e001,555000111222,NORMAL_ORDER_API,ORDER_API,NORMAL_TX,990011223,ON CPU,ON CPU,CPU,68
2026-07-15T09:15,B0,1,PERFLAB,PERFLAB_SVC,0th3rn015e001,555000111222,NORMAL_ORDER_API,ORDER_API,NORMAL_TX,990011223,WAITING,db file sequential read,User I/O,40
2026-07-15T09:16,B0,1,PERFLAB,PERFLAB_SVC,9u1m3rg3a0b1x,918273645001,SETTLEMENT_MERGE,SETTLEMENT,MERGE_BATCH,4289017712,ON CPU,ON CPU,CPU,9
2026-07-15T09:16,B0,1,PERFLAB,PERFLAB_SVC,9u1m3rg3a0b1x,918273645001,SETTLEMENT_MERGE,SETTLEMENT,MERGE_BATCH,4289017712,WAITING,db file sequential read,User I/O,6
2026-07-15T09:16,B0,1,PERFLAB,PERFLAB_SVC,1it3ra1000001,771122330099,LITERAL_LOOKUP_T01,SETTLEMENT,LOOKUP_LITERAL,1765432109,ON CPU,ON CPU,CPU,1
2026-07-15T09:16,B0,1,PERFLAB,PERFLAB_SVC,1it3ra1000001,771122330099,LITERAL_LOOKUP_T01,SETTLEMENT,LOOKUP_LITERAL,1765432109,WAITING,db file sequential read,User I/O,1
2026-07-15T09:16,B0,1,PERFLAB,PERFLAB_SVC,1it3ra1000002,771122330099,LITERAL_LOOKUP_T02,SETTLEMENT,LOOKUP_LITERAL,1765432109,ON CPU,ON CPU,CPU,1
2026-07-15T09:16,B0,1,PERFLAB,PERFLAB_SVC,1it3ra1000002,771122330099,LITERAL_LOOKUP_T02,SETTLEMENT,LOOKUP_LITERAL,1765432109,WAITING,db file sequential read,User I/O,1
2026-07-15T09:16,B0,1,PERFLAB,PERFLAB_SVC,1it3ra1000003,771122330099,LITERAL_LOOKUP_T03,SETTLEMENT,LOOKUP_LITERAL,1765432109,ON CPU,ON CPU,CPU,1
2026-07-15T09:16,B0,1,PERFLAB,PERFLAB_SVC,1it3ra1000003,771122330099,LITERAL_LOOKUP_T03,SETTLEMENT,LOOKUP_LITERAL,1765432109,WAITING,db file sequential read,User I/O,1
2026-07-15T09:16,B0,1,PERFLAB,PERFLAB_SVC,0th3rn015e001,555000111222,NORMAL_ORDER_API,ORDER_API,NORMAL_TX,990011223,ON CPU,ON CPU,CPU,65
2026-07-15T09:16,B0,1,PERFLAB,PERFLAB_SVC,0th3rn015e001,555000111222,NORMAL_ORDER_API,ORDER_API,NORMAL_TX,990011223,WAITING,db file sequential read,User I/O,38
2026-07-15T09:17,B0,1,PERFLAB,PERFLAB_SVC,9u1m3rg3a0b1x,918273645001,SETTLEMENT_MERGE,SETTLEMENT,MERGE_BATCH,4289017712,ON CPU,ON CPU,CPU,9
2026-07-15T09:17,B0,1,PERFLAB,PERFLAB_SVC,9u1m3rg3a0b1x,918273645001,SETTLEMENT_MERGE,SETTLEMENT,MERGE_BATCH,4289017712,WAITING,db file sequential read,User I/O,6
2026-07-15T09:17,B0,1,PERFLAB,PERFLAB_SVC,1it3ra1000001,771122330099,LITERAL_LOOKUP_T01,SETTLEMENT,LOOKUP_LITERAL,1765432109,ON CPU,ON CPU,CPU,1
2026-07-15T09:17,B0,1,PERFLAB,PERFLAB_SVC,1it3ra1000001,771122330099,LITERAL_LOOKUP_T01,SETTLEMENT,LOOKUP_LITERAL,1765432109,WAITING,db file sequential read,User I/O,1
2026-07-15T09:17,B0,1,PERFLAB,PERFLAB_SVC,1it3ra1000002,771122330099,LITERAL_LOOKUP_T02,SETTLEMENT,LOOKUP_LITERAL,1765432109,ON CPU,ON CPU,CPU,1
2026-07-15T09:17,B0,1,PERFLAB,PERFLAB_SVC,1it3ra1000002,771122330099,LITERAL_LOOKUP_T02,SETTLEMENT,LOOKUP_LITERAL,1765432109,WAITING,db file sequential read,User I/O,1
2026-07-15T09:17,B0,1,PERFLAB,PERFLAB_SVC,1it3ra1000003,771122330099,LITERAL_LOOKUP_T03,SETTLEMENT,LOOKUP_LITERAL,1765432109,ON CPU,ON CPU,CPU,1
2026-07-15T09:17,B0,1,PERFLAB,PERFLAB_SVC,1it3ra1000003,771122330099,LITERAL_LOOKUP_T03,SETTLEMENT,LOOKUP_LITERAL,1765432109,WAITING,db file sequential read,User I/O,1
2026-07-15T09:17,B0,1,PERFLAB,PERFLAB_SVC,0th3rn015e001,555000111222,NORMAL_ORDER_API,ORDER_API,NORMAL_TX,990011223,ON CPU,ON CPU,CPU,65
2026-07-15T09:17,B0,1,PERFLAB,PERFLAB_SVC,0th3rn015e001,555000111222,NORMAL_ORDER_API,ORDER_API,NORMAL_TX,990011223,WAITING,db file sequential read,User I/O,38
2026-07-15T09:18,B0,1,PERFLAB,PERFLAB_SVC,9u1m3rg3a0b1x,918273645001,SETTLEMENT_MERGE,SETTLEMENT,MERGE_BATCH,4289017712,ON CPU,ON CPU,CPU,9
2026-07-15T09:18,B0,1,PERFLAB,PERFLAB_SVC,9u1m3rg3a0b1x,918273645001,SETTLEMENT_MERGE,SETTLEMENT,MERGE_BATCH,4289017712,WAITING,db file sequential read,User I/O,6
2026-07-15T09:18,B0,1,PERFLAB,PERFLAB_SVC,1it3ra1000001,771122330099,LITERAL_LOOKUP_T01,SETTLEMENT,LOOKUP_LITERAL,1765432109,ON CPU,ON CPU,CPU,1
2026-07-15T09:18,B0,1,PERFLAB,PERFLAB_SVC,1it3ra1000001,771122330099,LITERAL_LOOKUP_T01,SETTLEMENT,LOOKUP_LITERAL,1765432109,WAITING,db file sequential read,User I/O,1
2026-07-15T09:18,B0,1,PERFLAB,PERFLAB_SVC,1it3ra1000002,771122330099,LITERAL_LOOKUP_T02,SETTLEMENT,LOOKUP_LITERAL,1765432109,ON CPU,ON CPU,CPU,1
2026-07-15T09:18,B0,1,PERFLAB,PERFLAB_SVC,1it3ra1000002,771122330099,LITERAL_LOOKUP_T02,SETTLEMENT,LOOKUP_LITERAL,1765432109,WAITING,db file sequential read,User I/O,1
2026-07-15T09:18,B0,1,PERFLAB,PERFLAB_SVC,1it3ra1000003,771122330099,LITERAL_LOOKUP_T03,SETTLEMENT,LOOKUP_LITERAL,1765432109,ON CPU,ON CPU,CPU,1
2026-07-15T09:18,B0,1,PERFLAB,PERFLAB_SVC,1it3ra1000003,771122330099,LITERAL_LOOKUP_T03,SETTLEMENT,LOOKUP_LITERAL,1765432109,WAITING,db file sequential read,User I/O,1
2026-07-15T09:18,B0,1,PERFLAB,PERFLAB_SVC,0th3rn015e001,555000111222,NORMAL_ORDER_API,ORDER_API,NORMAL_TX,990011223,ON CPU,ON CPU,CPU,68
2026-07-15T09:18,B0,1,PERFLAB,PERFLAB_SVC,0th3rn015e001,555000111222,NORMAL_ORDER_API,ORDER_API,NORMAL_TX,990011223,WAITING,db file sequential read,User I/O,39
2026-07-15T09:19,B0,1,PERFLAB,PERFLAB_SVC,9u1m3rg3a0b1x,918273645001,SETTLEMENT_MERGE,SETTLEMENT,MERGE_BATCH,4289017712,ON CPU,ON CPU,CPU,9
2026-07-15T09:19,B0,1,PERFLAB,PERFLAB_SVC,9u1m3rg3a0b1x,918273645001,SETTLEMENT_MERGE,SETTLEMENT,MERGE_BATCH,4289017712,WAITING,db file sequential read,User I/O,6
2026-07-15T09:19,B0,1,PERFLAB,PERFLAB_SVC,1it3ra1000001,771122330099,LITERAL_LOOKUP_T01,SETTLEMENT,LOOKUP_LITERAL,1765432109,ON CPU,ON CPU,CPU,1
2026-07-15T09:19,B0,1,PERFLAB,PERFLAB_SVC,1it3ra1000001,771122330099,LITERAL_LOOKUP_T01,SETTLEMENT,LOOKUP_LITERAL,1765432109,WAITING,db file sequential read,User I/O,1
2026-07-15T09:19,B0,1,PERFLAB,PERFLAB_SVC,1it3ra1000002,771122330099,LITERAL_LOOKUP_T02,SETTLEMENT,LOOKUP_LITERAL,1765432109,ON CPU,ON CPU,CPU,1
2026-07-15T09:19,B0,1,PERFLAB,PERFLAB_SVC,1it3ra1000002,771122330099,LITERAL_LOOKUP_T02,SETTLEMENT,LOOKUP_LITERAL,1765432109,WAITING,db file sequential read,User I/O,1
2026-07-15T09:19,B0,1,PERFLAB,PERFLAB_SVC,1it3ra1000003,771122330099,LITERAL_LOOKUP_T03,SETTLEMENT,LOOKUP_LITERAL,1765432109,ON CPU,ON CPU,CPU,1
2026-07-15T09:19,B0,1,PERFLAB,PERFLAB_SVC,1it3ra1000003,771122330099,LITERAL_LOOKUP_T03,SETTLEMENT,LOOKUP_LITERAL,1765432109,WAITING,db file sequential read,User I/O,1
2026-07-15T09:19,B0,1,PERFLAB,PERFLAB_SVC,0th3rn015e001,555000111222,NORMAL_ORDER_API,ORDER_API,NORMAL_TX,990011223,ON CPU,ON CPU,CPU,67
2026-07-15T09:19,B0,1,PERFLAB,PERFLAB_SVC,0th3rn015e001,555000111222,NORMAL_ORDER_API,ORDER_API,NORMAL_TX,990011223,WAITING,db file sequential read,User I/O,40
2026-07-15T09:20,B0,1,PERFLAB,PERFLAB_SVC,9u1m3rg3a0b1x,918273645001,SETTLEMENT_MERGE,SETTLEMENT,MERGE_BATCH,4289017712,ON CPU,ON CPU,CPU,9
2026-07-15T09:20,B0,1,PERFLAB,PERFLAB_SVC,9u1m3rg3a0b1x,918273645001,SETTLEMENT_MERGE,SETTLEMENT,MERGE_BATCH,4289017712,WAITING,db file sequential read,User I/O,6
2026-07-15T09:20,B0,1,PERFLAB,PERFLAB_SVC,1it3ra1000001,771122330099,LITERAL_LOOKUP_T01,SETTLEMENT,LOOKUP_LITERAL,1765432109,ON CPU,ON CPU,CPU,1
2026-07-15T09:20,B0,1,PERFLAB,PERFLAB_SVC,1it3ra1000001,771122330099,LITERAL_LOOKUP_T01,SETTLEMENT,LOOKUP_LITERAL,1765432109,WAITING,db file sequential read,User I/O,1
2026-07-15T09:20,B0,1,PERFLAB,PERFLAB_SVC,1it3ra1000002,771122330099,LITERAL_LOOKUP_T02,SETTLEMENT,LOOKUP_LITERAL,1765432109,ON CPU,ON CPU,CPU,1
2026-07-15T09:20,B0,1,PERFLAB,PERFLAB_SVC,1it3ra1000002,771122330099,LITERAL_LOOKUP_T02,SETTLEMENT,LOOKUP_LITERAL,1765432109,WAITING,db file sequential read,User I/O,1
2026-07-15T09:20,B0,1,PERFLAB,PERFLAB_SVC,1it3ra1000003,771122330099,LITERAL_LOOKUP_T03,SETTLEMENT,LOOKUP_LITERAL,1765432109,ON CPU,ON CPU,CPU,1
2026-07-15T09:20,B0,1,PERFLAB,PERFLAB_SVC,1it3ra1000003,771122330099,LITERAL_LOOKUP_T03,SETTLEMENT,LOOKUP_LITERAL,1765432109,WAITING,db file sequential read,User I/O,1
2026-07-15T09:20,B0,1,PERFLAB,PERFLAB_SVC,0th3rn015e001,555000111222,NORMAL_ORDER_API,ORDER_API,NORMAL_TX,990011223,ON CPU,ON CPU,CPU,64
2026-07-15T09:20,B0,1,PERFLAB,PERFLAB_SVC,0th3rn015e001,555000111222,NORMAL_ORDER_API,ORDER_API,NORMAL_TX,990011223,WAITING,db file sequential read,User I/O,38
2026-07-15T09:21,B0,1,PERFLAB,PERFLAB_SVC,9u1m3rg3a0b1x,918273645001,SETTLEMENT_MERGE,SETTLEMENT,MERGE_BATCH,4289017712,ON CPU,ON CPU,CPU,9
2026-07-15T09:21,B0,1,PERFLAB,PERFLAB_SVC,9u1m3rg3a0b1x,918273645001,SETTLEMENT_MERGE,SETTLEMENT,MERGE_BATCH,4289017712,WAITING,db file sequential read,User I/O,6
2026-07-15T09:21,B0,1,PERFLAB,PERFLAB_SVC,1it3ra1000001,771122330099,LITERAL_LOOKUP_T01,SETTLEMENT,LOOKUP_LITERAL,1765432109,ON CPU,ON CPU,CPU,1
2026-07-15T09:21,B0,1,PERFLAB,PERFLAB_SVC,1it3ra1000001,771122330099,LITERAL_LOOKUP_T01,SETTLEMENT,LOOKUP_LITERAL,1765432109,WAITING,db file sequential read,User I/O,1
2026-07-15T09:21,B0,1,PERFLAB,PERFLAB_SVC,1it3ra1000002,771122330099,LITERAL_LOOKUP_T02,SETTLEMENT,LOOKUP_LITERAL,1765432109,ON CPU,ON CPU,CPU,1
2026-07-15T09:21,B0,1,PERFLAB,PERFLAB_SVC,1it3ra1000002,771122330099,LITERAL_LOOKUP_T02,SETTLEMENT,LOOKUP_LITERAL,1765432109,WAITING,db file sequential read,User I/O,1
2026-07-15T09:21,B0,1,PERFLAB,PERFLAB_SVC,1it3ra1000003,771122330099,LITERAL_LOOKUP_T03,SETTLEMENT,LOOKUP_LITERAL,1765432109,ON CPU,ON CPU,CPU,1
2026-07-15T09:21,B0,1,PERFLAB,PERFLAB_SVC,1it3ra1000003,771122330099,LITERAL_LOOKUP_T03,SETTLEMENT,LOOKUP_LITERAL,1765432109,WAITING,db file sequential read,User I/O,1
2026-07-15T09:21,B0,1,PERFLAB,PERFLAB_SVC,0th3rn015e001,555000111222,NORMAL_ORDER_API,ORDER_API,NORMAL_TX,990011223,ON CPU,ON CPU,CPU,65
2026-07-15T09:21,B0,1,PERFLAB,PERFLAB_SVC,0th3rn015e001,555000111222,NORMAL_ORDER_API,ORDER_API,NORMAL_TX,990011223,WAITING,db file sequential read,User I/O,39
2026-07-15T09:22,B0,1,PERFLAB,PERFLAB_SVC,9u1m3rg3a0b1x,918273645001,SETTLEMENT_MERGE,SETTLEMENT,MERGE_BATCH,4289017712,ON CPU,ON CPU,CPU,9
2026-07-15T09:22,B0,1,PERFLAB,PERFLAB_SVC,9u1m3rg3a0b1x,918273645001,SETTLEMENT_MERGE,SETTLEMENT,MERGE_BATCH,4289017712,WAITING,db file sequential read,User I/O,6
2026-07-15T09:22,B0,1,PERFLAB,PERFLAB_SVC,1it3ra1000001,771122330099,LITERAL_LOOKUP_T01,SETTLEMENT,LOOKUP_LITERAL,1765432109,ON CPU,ON CPU,CPU,1
2026-07-15T09:22,B0,1,PERFLAB,PERFLAB_SVC,1it3ra1000001,771122330099,LITERAL_LOOKUP_T01,SETTLEMENT,LOOKUP_LITERAL,1765432109,WAITING,db file sequential read,User I/O,1
2026-07-15T09:22,B0,1,PERFLAB,PERFLAB_SVC,1it3ra1000002,771122330099,LITERAL_LOOKUP_T02,SETTLEMENT,LOOKUP_LITERAL,1765432109,ON CPU,ON CPU,CPU,1
2026-07-15T09:22,B0,1,PERFLAB,PERFLAB_SVC,1it3ra1000002,771122330099,LITERAL_LOOKUP_T02,SETTLEMENT,LOOKUP_LITERAL,1765432109,WAITING,db file sequential read,User I/O,1
2026-07-15T09:22,B0,1,PERFLAB,PERFLAB_SVC,1it3ra1000003,771122330099,LITERAL_LOOKUP_T03,SETTLEMENT,LOOKUP_LITERAL,1765432109,ON CPU,ON CPU,CPU,1
2026-07-15T09:22,B0,1,PERFLAB,PERFLAB_SVC,1it3ra1000003,771122330099,LITERAL_LOOKUP_T03,SETTLEMENT,LOOKUP_LITERAL,1765432109,WAITING,db file sequential read,User I/O,1
2026-07-15T09:22,B0,1,PERFLAB,PERFLAB_SVC,0th3rn015e001,555000111222,NORMAL_ORDER_API,ORDER_API,NORMAL_TX,990011223,ON CPU,ON CPU,CPU,68
2026-07-15T09:22,B0,1,PERFLAB,PERFLAB_SVC,0th3rn015e001,555000111222,NORMAL_ORDER_API,ORDER_API,NORMAL_TX,990011223,WAITING,db file sequential read,User I/O,40
2026-07-15T09:23,B0,1,PERFLAB,PERFLAB_SVC,9u1m3rg3a0b1x,918273645001,SETTLEMENT_MERGE,SETTLEMENT,MERGE_BATCH,4289017712,ON CPU,ON CPU,CPU,9
2026-07-15T09:23,B0,1,PERFLAB,PERFLAB_SVC,9u1m3rg3a0b1x,918273645001,SETTLEMENT_MERGE,SETTLEMENT,MERGE_BATCH,4289017712,WAITING,db file sequential read,User I/O,6
2026-07-15T09:23,B0,1,PERFLAB,PERFLAB_SVC,1it3ra1000001,771122330099,LITERAL_LOOKUP_T01,SETTLEMENT,LOOKUP_LITERAL,1765432109,ON CPU,ON CPU,CPU,1
2026-07-15T09:23,B0,1,PERFLAB,PERFLAB_SVC,1it3ra1000001,771122330099,LITERAL_LOOKUP_T01,SETTLEMENT,LOOKUP_LITERAL,1765432109,WAITING,db file sequential read,User I/O,1
2026-07-15T09:23,B0,1,PERFLAB,PERFLAB_SVC,1it3ra1000002,771122330099,LITERAL_LOOKUP_T02,SETTLEMENT,LOOKUP_LITERAL,1765432109,ON CPU,ON CPU,CPU,1
2026-07-15T09:23,B0,1,PERFLAB,PERFLAB_SVC,1it3ra1000002,771122330099,LITERAL_LOOKUP_T02,SETTLEMENT,LOOKUP_LITERAL,1765432109,WAITING,db file sequential read,User I/O,1
2026-07-15T09:23,B0,1,PERFLAB,PERFLAB_SVC,1it3ra1000003,771122330099,LITERAL_LOOKUP_T03,SETTLEMENT,LOOKUP_LITERAL,1765432109,ON CPU,ON CPU,CPU,1
2026-07-15T09:23,B0,1,PERFLAB,PERFLAB_SVC,1it3ra1000003,771122330099,LITERAL_LOOKUP_T03,SETTLEMENT,LOOKUP_LITERAL,1765432109,WAITING,db file sequential read,User I/O,1
2026-07-15T09:23,B0,1,PERFLAB,PERFLAB_SVC,0th3rn015e001,555000111222,NORMAL_ORDER_API,ORDER_API,NORMAL_TX,990011223,ON CPU,ON CPU,CPU,66
2026-07-15T09:23,B0,1,PERFLAB,PERFLAB_SVC,0th3rn015e001,555000111222,NORMAL_ORDER_API,ORDER_API,NORMAL_TX,990011223,WAITING,db file sequential read,User I/O,39
2026-07-15T09:24,B0,1,PERFLAB,PERFLAB_SVC,9u1m3rg3a0b1x,918273645001,SETTLEMENT_MERGE,SETTLEMENT,MERGE_BATCH,4289017712,ON CPU,ON CPU,CPU,9
2026-07-15T09:24,B0,1,PERFLAB,PERFLAB_SVC,9u1m3rg3a0b1x,918273645001,SETTLEMENT_MERGE,SETTLEMENT,MERGE_BATCH,4289017712,WAITING,db file sequential read,User I/O,6
2026-07-15T09:24,B0,1,PERFLAB,PERFLAB_SVC,1it3ra1000001,771122330099,LITERAL_LOOKUP_T01,SETTLEMENT,LOOKUP_LITERAL,1765432109,ON CPU,ON CPU,CPU,1
2026-07-15T09:24,B0,1,PERFLAB,PERFLAB_SVC,1it3ra1000001,771122330099,LITERAL_LOOKUP_T01,SETTLEMENT,LOOKUP_LITERAL,1765432109,WAITING,db file sequential read,User I/O,1
2026-07-15T09:24,B0,1,PERFLAB,PERFLAB_SVC,1it3ra1000002,771122330099,LITERAL_LOOKUP_T02,SETTLEMENT,LOOKUP_LITERAL,1765432109,ON CPU,ON CPU,CPU,1
2026-07-15T09:24,B0,1,PERFLAB,PERFLAB_SVC,1it3ra1000002,771122330099,LITERAL_LOOKUP_T02,SETTLEMENT,LOOKUP_LITERAL,1765432109,WAITING,db file sequential read,User I/O,1
2026-07-15T09:24,B0,1,PERFLAB,PERFLAB_SVC,1it3ra1000003,771122330099,LITERAL_LOOKUP_T03,SETTLEMENT,LOOKUP_LITERAL,1765432109,ON CPU,ON CPU,CPU,1
2026-07-15T09:24,B0,1,PERFLAB,PERFLAB_SVC,1it3ra1000003,771122330099,LITERAL_LOOKUP_T03,SETTLEMENT,LOOKUP_LITERAL,1765432109,WAITING,db file sequential read,User I/O,1
2026-07-15T09:24,B0,1,PERFLAB,PERFLAB_SVC,0th3rn015e001,555000111222,NORMAL_ORDER_API,ORDER_API,NORMAL_TX,990011223,ON CPU,ON CPU,CPU,64
2026-07-15T09:24,B0,1,PERFLAB,PERFLAB_SVC,0th3rn015e001,555000111222,NORMAL_ORDER_API,ORDER_API,NORMAL_TX,990011223,WAITING,db file sequential read,User I/O,38
2026-07-15T09:25,B0,1,PERFLAB,PERFLAB_SVC,9u1m3rg3a0b1x,918273645001,SETTLEMENT_MERGE,SETTLEMENT,MERGE_BATCH,4289017712,ON CPU,ON CPU,CPU,9
2026-07-15T09:25,B0,1,PERFLAB,PERFLAB_SVC,9u1m3rg3a0b1x,918273645001,SETTLEMENT_MERGE,SETTLEMENT,MERGE_BATCH,4289017712,WAITING,db file sequential read,User I/O,6
2026-07-15T09:25,B0,1,PERFLAB,PERFLAB_SVC,1it3ra1000001,771122330099,LITERAL_LOOKUP_T01,SETTLEMENT,LOOKUP_LITERAL,1765432109,ON CPU,ON CPU,CPU,1
2026-07-15T09:25,B0,1,PERFLAB,PERFLAB_SVC,1it3ra1000001,771122330099,LITERAL_LOOKUP_T01,SETTLEMENT,LOOKUP_LITERAL,1765432109,WAITING,db file sequential read,User I/O,1
2026-07-15T09:25,B0,1,PERFLAB,PERFLAB_SVC,1it3ra1000002,771122330099,LITERAL_LOOKUP_T02,SETTLEMENT,LOOKUP_LITERAL,1765432109,ON CPU,ON CPU,CPU,1
2026-07-15T09:25,B0,1,PERFLAB,PERFLAB_SVC,1it3ra1000002,771122330099,LITERAL_LOOKUP_T02,SETTLEMENT,LOOKUP_LITERAL,1765432109,WAITING,db file sequential read,User I/O,1
2026-07-15T09:25,B0,1,PERFLAB,PERFLAB_SVC,1it3ra1000003,771122330099,LITERAL_LOOKUP_T03,SETTLEMENT,LOOKUP_LITERAL,1765432109,ON CPU,ON CPU,CPU,1
2026-07-15T09:25,B0,1,PERFLAB,PERFLAB_SVC,1it3ra1000003,771122330099,LITERAL_LOOKUP_T03,SETTLEMENT,LOOKUP_LITERAL,1765432109,WAITING,db file sequential read,User I/O,1
2026-07-15T09:25,B0,1,PERFLAB,PERFLAB_SVC,0th3rn015e001,555000111222,NORMAL_ORDER_API,ORDER_API,NORMAL_TX,990011223,ON CPU,ON CPU,CPU,67
2026-07-15T09:25,B0,1,PERFLAB,PERFLAB_SVC,0th3rn015e001,555000111222,NORMAL_ORDER_API,ORDER_API,NORMAL_TX,990011223,WAITING,db file sequential read,User I/O,39
2026-07-15T09:26,B0,1,PERFLAB,PERFLAB_SVC,9u1m3rg3a0b1x,918273645001,SETTLEMENT_MERGE,SETTLEMENT,MERGE_BATCH,4289017712,ON CPU,ON CPU,CPU,9
2026-07-15T09:26,B0,1,PERFLAB,PERFLAB_SVC,9u1m3rg3a0b1x,918273645001,SETTLEMENT_MERGE,SETTLEMENT,MERGE_BATCH,4289017712,WAITING,db file sequential read,User I/O,6
2026-07-15T09:26,B0,1,PERFLAB,PERFLAB_SVC,1it3ra1000001,771122330099,LITERAL_LOOKUP_T01,SETTLEMENT,LOOKUP_LITERAL,1765432109,ON CPU,ON CPU,CPU,1
2026-07-15T09:26,B0,1,PERFLAB,PERFLAB_SVC,1it3ra1000001,771122330099,LITERAL_LOOKUP_T01,SETTLEMENT,LOOKUP_LITERAL,1765432109,WAITING,db file sequential read,User I/O,1
2026-07-15T09:26,B0,1,PERFLAB,PERFLAB_SVC,1it3ra1000002,771122330099,LITERAL_LOOKUP_T02,SETTLEMENT,LOOKUP_LITERAL,1765432109,ON CPU,ON CPU,CPU,1
2026-07-15T09:26,B0,1,PERFLAB,PERFLAB_SVC,1it3ra1000002,771122330099,LITERAL_LOOKUP_T02,SETTLEMENT,LOOKUP_LITERAL,1765432109,WAITING,db file sequential read,User I/O,1
2026-07-15T09:26,B0,1,PERFLAB,PERFLAB_SVC,1it3ra1000003,771122330099,LITERAL_LOOKUP_T03,SETTLEMENT,LOOKUP_LITERAL,1765432109,ON CPU,ON CPU,CPU,1
2026-07-15T09:26,B0,1,PERFLAB,PERFLAB_SVC,1it3ra1000003,771122330099,LITERAL_LOOKUP_T03,SETTLEMENT,LOOKUP_LITERAL,1765432109,WAITING,db file sequential read,User I/O,1
2026-07-15T09:26,B0,1,PERFLAB,PERFLAB_SVC,0th3rn015e001,555000111222,NORMAL_ORDER_API,ORDER_API,NORMAL_TX,990011223,ON CPU,ON CPU,CPU,68
2026-07-15T09:26,B0,1,PERFLAB,PERFLAB_SVC,0th3rn015e001,555000111222,NORMAL_ORDER_API,ORDER_API,NORMAL_TX,990011223,WAITING,db file sequential read,User I/O,40
2026-07-15T09:27,B0,1,PERFLAB,PERFLAB_SVC,9u1m3rg3a0b1x,918273645001,SETTLEMENT_MERGE,SETTLEMENT,MERGE_BATCH,4289017712,ON CPU,ON CPU,CPU,9
2026-07-15T09:27,B0,1,PERFLAB,PERFLAB_SVC,9u1m3rg3a0b1x,918273645001,SETTLEMENT_MERGE,SETTLEMENT,MERGE_BATCH,4289017712,WAITING,db file sequential read,User I/O,6
2026-07-15T09:27,B0,1,PERFLAB,PERFLAB_SVC,1it3ra1000001,771122330099,LITERAL_LOOKUP_T01,SETTLEMENT,LOOKUP_LITERAL,1765432109,ON CPU,ON CPU,CPU,1
2026-07-15T09:27,B0,1,PERFLAB,PERFLAB_SVC,1it3ra1000001,771122330099,LITERAL_LOOKUP_T01,SETTLEMENT,LOOKUP_LITERAL,1765432109,WAITING,db file sequential read,User I/O,1
2026-07-15T09:27,B0,1,PERFLAB,PERFLAB_SVC,1it3ra1000002,771122330099,LITERAL_LOOKUP_T02,SETTLEMENT,LOOKUP_LITERAL,1765432109,ON CPU,ON CPU,CPU,1
2026-07-15T09:27,B0,1,PERFLAB,PERFLAB_SVC,1it3ra1000002,771122330099,LITERAL_LOOKUP_T02,SETTLEMENT,LOOKUP_LITERAL,1765432109,WAITING,db file sequential read,User I/O,1
2026-07-15T09:27,B0,1,PERFLAB,PERFLAB_SVC,1it3ra1000003,771122330099,LITERAL_LOOKUP_T03,SETTLEMENT,LOOKUP_LITERAL,1765432109,ON CPU,ON CPU,CPU,1
2026-07-15T09:27,B0,1,PERFLAB,PERFLAB_SVC,1it3ra1000003,771122330099,LITERAL_LOOKUP_T03,SETTLEMENT,LOOKUP_LITERAL,1765432109,WAITING,db file sequential read,User I/O,1
2026-07-15T09:27,B0,1,PERFLAB,PERFLAB_SVC,0th3rn015e001,555000111222,NORMAL_ORDER_API,ORDER_API,NORMAL_TX,990011223,ON CPU,ON CPU,CPU,65
2026-07-15T09:27,B0,1,PERFLAB,PERFLAB_SVC,0th3rn015e001,555000111222,NORMAL_ORDER_API,ORDER_API,NORMAL_TX,990011223,WAITING,db file sequential read,User I/O,39
2026-07-15T09:28,B0,1,PERFLAB,PERFLAB_SVC,9u1m3rg3a0b1x,918273645001,SETTLEMENT_MERGE,SETTLEMENT,MERGE_BATCH,4289017712,ON CPU,ON CPU,CPU,9
2026-07-15T09:28,B0,1,PERFLAB,PERFLAB_SVC,9u1m3rg3a0b1x,918273645001,SETTLEMENT_MERGE,SETTLEMENT,MERGE_BATCH,4289017712,WAITING,db file sequential read,User I/O,6
2026-07-15T09:28,B0,1,PERFLAB,PERFLAB_SVC,1it3ra1000001,771122330099,LITERAL_LOOKUP_T01,SETTLEMENT,LOOKUP_LITERAL,1765432109,ON CPU,ON CPU,CPU,1
2026-07-15T09:28,B0,1,PERFLAB,PERFLAB_SVC,1it3ra1000001,771122330099,LITERAL_LOOKUP_T01,SETTLEMENT,LOOKUP_LITERAL,1765432109,WAITING,db file sequential read,User I/O,1
2026-07-15T09:28,B0,1,PERFLAB,PERFLAB_SVC,1it3ra1000002,771122330099,LITERAL_LOOKUP_T02,SETTLEMENT,LOOKUP_LITERAL,1765432109,ON CPU,ON CPU,CPU,1
2026-07-15T09:28,B0,1,PERFLAB,PERFLAB_SVC,1it3ra1000002,771122330099,LITERAL_LOOKUP_T02,SETTLEMENT,LOOKUP_LITERAL,1765432109,WAITING,db file sequential read,User I/O,1
2026-07-15T09:28,B0,1,PERFLAB,PERFLAB_SVC,1it3ra1000003,771122330099,LITERAL_LOOKUP_T03,SETTLEMENT,LOOKUP_LITERAL,1765432109,ON CPU,ON CPU,CPU,1
2026-07-15T09:28,B0,1,PERFLAB,PERFLAB_SVC,1it3ra1000003,771122330099,LITERAL_LOOKUP_T03,SETTLEMENT,LOOKUP_LITERAL,1765432109,WAITING,db file sequential read,User I/O,1
2026-07-15T09:28,B0,1,PERFLAB,PERFLAB_SVC,0th3rn015e001,555000111222,NORMAL_ORDER_API,ORDER_API,NORMAL_TX,990011223,ON CPU,ON CPU,CPU,64
2026-07-15T09:28,B0,1,PERFLAB,PERFLAB_SVC,0th3rn015e001,555000111222,NORMAL_ORDER_API,ORDER_API,NORMAL_TX,990011223,WAITING,db file sequential read,User I/O,39
2026-07-15T09:29,B0,1,PERFLAB,PERFLAB_SVC,9u1m3rg3a0b1x,918273645001,SETTLEMENT_MERGE,SETTLEMENT,MERGE_BATCH,4289017712,ON CPU,ON CPU,CPU,9
2026-07-15T09:29,B0,1,PERFLAB,PERFLAB_SVC,9u1m3rg3a0b1x,918273645001,SETTLEMENT_MERGE,SETTLEMENT,MERGE_BATCH,4289017712,WAITING,db file sequential read,User I/O,6
2026-07-15T09:29,B0,1,PERFLAB,PERFLAB_SVC,1it3ra1000001,771122330099,LITERAL_LOOKUP_T01,SETTLEMENT,LOOKUP_LITERAL,1765432109,ON CPU,ON CPU,CPU,1
2026-07-15T09:29,B0,1,PERFLAB,PERFLAB_SVC,1it3ra1000001,771122330099,LITERAL_LOOKUP_T01,SETTLEMENT,LOOKUP_LITERAL,1765432109,WAITING,db file sequential read,User I/O,1
2026-07-15T09:29,B0,1,PERFLAB,PERFLAB_SVC,1it3ra1000002,771122330099,LITERAL_LOOKUP_T02,SETTLEMENT,LOOKUP_LITERAL,1765432109,ON CPU,ON CPU,CPU,1
2026-07-15T09:29,B0,1,PERFLAB,PERFLAB_SVC,1it3ra1000002,771122330099,LITERAL_LOOKUP_T02,SETTLEMENT,LOOKUP_LITERAL,1765432109,WAITING,db file sequential read,User I/O,1
2026-07-15T09:29,B0,1,PERFLAB,PERFLAB_SVC,1it3ra1000003,771122330099,LITERAL_LOOKUP_T03,SETTLEMENT,LOOKUP_LITERAL,1765432109,ON CPU,ON CPU,CPU,1
2026-07-15T09:29,B0,1,PERFLAB,PERFLAB_SVC,1it3ra1000003,771122330099,LITERAL_LOOKUP_T03,SETTLEMENT,LOOKUP_LITERAL,1765432109,WAITING,db file sequential read,User I/O,1
2026-07-15T09:29,B0,1,PERFLAB,PERFLAB_SVC,0th3rn015e001,555000111222,NORMAL_ORDER_API,ORDER_API,NORMAL_TX,990011223,ON CPU,ON CPU,CPU,67
2026-07-15T09:29,B0,1,PERFLAB,PERFLAB_SVC,0th3rn015e001,555000111222,NORMAL_ORDER_API,ORDER_API,NORMAL_TX,990011223,WAITING,db file sequential read,User I/O,40
2026-07-15T09:30,T1,1,PERFLAB,PERFLAB_SVC,9u1m3rg3a0b1x,918273645001,SETTLEMENT_MERGE,SETTLEMENT,MERGE_BATCH,4289017712,ON CPU,ON CPU,CPU,71
2026-07-15T09:30,T1,1,PERFLAB,PERFLAB_SVC,9u1m3rg3a0b1x,918273645001,SETTLEMENT_MERGE,SETTLEMENT,MERGE_BATCH,4289017712,WAITING,db file sequential read,User I/O,38
2026-07-15T09:30,T1,1,PERFLAB,PERFLAB_SVC,1it3ra1000001,771122330099,LITERAL_LOOKUP_T01,SETTLEMENT,LOOKUP_LITERAL,1765432109,ON CPU,ON CPU,CPU,22
2026-07-15T09:30,T1,1,PERFLAB,PERFLAB_SVC,1it3ra1000001,771122330099,LITERAL_LOOKUP_T01,SETTLEMENT,LOOKUP_LITERAL,1765432109,WAITING,library cache: mutex X,Concurrency,12
2026-07-15T09:30,T1,1,PERFLAB,PERFLAB_SVC,1it3ra1000002,771122330099,LITERAL_LOOKUP_T02,SETTLEMENT,LOOKUP_LITERAL,1765432109,ON CPU,ON CPU,CPU,22
2026-07-15T09:30,T1,1,PERFLAB,PERFLAB_SVC,1it3ra1000002,771122330099,LITERAL_LOOKUP_T02,SETTLEMENT,LOOKUP_LITERAL,1765432109,WAITING,library cache: mutex X,Concurrency,11
2026-07-15T09:30,T1,1,PERFLAB,PERFLAB_SVC,1it3ra1000003,771122330099,LITERAL_LOOKUP_T03,SETTLEMENT,LOOKUP_LITERAL,1765432109,ON CPU,ON CPU,CPU,22
2026-07-15T09:30,T1,1,PERFLAB,PERFLAB_SVC,1it3ra1000003,771122330099,LITERAL_LOOKUP_T03,SETTLEMENT,LOOKUP_LITERAL,1765432109,WAITING,library cache: mutex X,Concurrency,11
2026-07-15T09:30,T1,1,PERFLAB,PERFLAB_SVC,0th3rn015e001,555000111222,NORMAL_ORDER_API,ORDER_API,NORMAL_TX,990011223,ON CPU,ON CPU,CPU,72
2026-07-15T09:30,T1,1,PERFLAB,PERFLAB_SVC,0th3rn015e001,555000111222,NORMAL_ORDER_API,ORDER_API,NORMAL_TX,990011223,WAITING,db file sequential read,User I/O,39
2026-07-15T09:31,T1,1,PERFLAB,PERFLAB_SVC,9u1m3rg3a0b1x,918273645001,SETTLEMENT_MERGE,SETTLEMENT,MERGE_BATCH,4289017712,ON CPU,ON CPU,CPU,69
2026-07-15T09:31,T1,1,PERFLAB,PERFLAB_SVC,9u1m3rg3a0b1x,918273645001,SETTLEMENT_MERGE,SETTLEMENT,MERGE_BATCH,4289017712,WAITING,db file sequential read,User I/O,36
2026-07-15T09:31,T1,1,PERFLAB,PERFLAB_SVC,1it3ra1000001,771122330099,LITERAL_LOOKUP_T01,SETTLEMENT,LOOKUP_LITERAL,1765432109,ON CPU,ON CPU,CPU,22
2026-07-15T09:31,T1,1,PERFLAB,PERFLAB_SVC,1it3ra1000001,771122330099,LITERAL_LOOKUP_T01,SETTLEMENT,LOOKUP_LITERAL,1765432109,WAITING,library cache: mutex X,Concurrency,11
2026-07-15T09:31,T1,1,PERFLAB,PERFLAB_SVC,1it3ra1000002,771122330099,LITERAL_LOOKUP_T02,SETTLEMENT,LOOKUP_LITERAL,1765432109,ON CPU,ON CPU,CPU,21
2026-07-15T09:31,T1,1,PERFLAB,PERFLAB_SVC,1it3ra1000002,771122330099,LITERAL_LOOKUP_T02,SETTLEMENT,LOOKUP_LITERAL,1765432109,WAITING,library cache: mutex X,Concurrency,11
2026-07-15T09:31,T1,1,PERFLAB,PERFLAB_SVC,1it3ra1000003,771122330099,LITERAL_LOOKUP_T03,SETTLEMENT,LOOKUP_LITERAL,1765432109,ON CPU,ON CPU,CPU,21
2026-07-15T09:31,T1,1,PERFLAB,PERFLAB_SVC,1it3ra1000003,771122330099,LITERAL_LOOKUP_T03,SETTLEMENT,LOOKUP_LITERAL,1765432109,WAITING,library cache: mutex X,Concurrency,11
2026-07-15T09:31,T1,1,PERFLAB,PERFLAB_SVC,0th3rn015e001,555000111222,NORMAL_ORDER_API,ORDER_API,NORMAL_TX,990011223,ON CPU,ON CPU,CPU,70
2026-07-15T09:31,T1,1,PERFLAB,PERFLAB_SVC,0th3rn015e001,555000111222,NORMAL_ORDER_API,ORDER_API,NORMAL_TX,990011223,WAITING,db file sequential read,User I/O,38
2026-07-15T09:32,T1,1,PERFLAB,PERFLAB_SVC,9u1m3rg3a0b1x,918273645001,SETTLEMENT_MERGE,SETTLEMENT,MERGE_BATCH,4289017712,ON CPU,ON CPU,CPU,68
2026-07-15T09:32,T1,1,PERFLAB,PERFLAB_SVC,9u1m3rg3a0b1x,918273645001,SETTLEMENT_MERGE,SETTLEMENT,MERGE_BATCH,4289017712,WAITING,db file sequential read,User I/O,36
2026-07-15T09:32,T1,1,PERFLAB,PERFLAB_SVC,1it3ra1000001,771122330099,LITERAL_LOOKUP_T01,SETTLEMENT,LOOKUP_LITERAL,1765432109,ON CPU,ON CPU,CPU,21
2026-07-15T09:32,T1,1,PERFLAB,PERFLAB_SVC,1it3ra1000001,771122330099,LITERAL_LOOKUP_T01,SETTLEMENT,LOOKUP_LITERAL,1765432109,WAITING,library cache: mutex X,Concurrency,11
2026-07-15T09:32,T1,1,PERFLAB,PERFLAB_SVC,1it3ra1000002,771122330099,LITERAL_LOOKUP_T02,SETTLEMENT,LOOKUP_LITERAL,1765432109,ON CPU,ON CPU,CPU,20
2026-07-15T09:32,T1,1,PERFLAB,PERFLAB_SVC,1it3ra1000002,771122330099,LITERAL_LOOKUP_T02,SETTLEMENT,LOOKUP_LITERAL,1765432109,WAITING,library cache: mutex X,Concurrency,11
2026-07-15T09:32,T1,1,PERFLAB,PERFLAB_SVC,1it3ra1000003,771122330099,LITERAL_LOOKUP_T03,SETTLEMENT,LOOKUP_LITERAL,1765432109,ON CPU,ON CPU,CPU,20
2026-07-15T09:32,T1,1,PERFLAB,PERFLAB_SVC,1it3ra1000003,771122330099,LITERAL_LOOKUP_T03,SETTLEMENT,LOOKUP_LITERAL,1765432109,WAITING,library cache: mutex X,Concurrency,11
2026-07-15T09:32,T1,1,PERFLAB,PERFLAB_SVC,0th3rn015e001,555000111222,NORMAL_ORDER_API,ORDER_API,NORMAL_TX,990011223,ON CPU,ON CPU,CPU,70
2026-07-15T09:32,T1,1,PERFLAB,PERFLAB_SVC,0th3rn015e001,555000111222,NORMAL_ORDER_API,ORDER_API,NORMAL_TX,990011223,WAITING,db file sequential read,User I/O,37
2026-07-15T09:33,T1,1,PERFLAB,PERFLAB_SVC,9u1m3rg3a0b1x,918273645001,SETTLEMENT_MERGE,SETTLEMENT,MERGE_BATCH,4289017712,ON CPU,ON CPU,CPU,70
2026-07-15T09:33,T1,1,PERFLAB,PERFLAB_SVC,9u1m3rg3a0b1x,918273645001,SETTLEMENT_MERGE,SETTLEMENT,MERGE_BATCH,4289017712,WAITING,db file sequential read,User I/O,37
2026-07-15T09:33,T1,1,PERFLAB,PERFLAB_SVC,1it3ra1000001,771122330099,LITERAL_LOOKUP_T01,SETTLEMENT,LOOKUP_LITERAL,1765432109,ON CPU,ON CPU,CPU,22
2026-07-15T09:33,T1,1,PERFLAB,PERFLAB_SVC,1it3ra1000001,771122330099,LITERAL_LOOKUP_T01,SETTLEMENT,LOOKUP_LITERAL,1765432109,WAITING,library cache: mutex X,Concurrency,11
2026-07-15T09:33,T1,1,PERFLAB,PERFLAB_SVC,1it3ra1000002,771122330099,LITERAL_LOOKUP_T02,SETTLEMENT,LOOKUP_LITERAL,1765432109,ON CPU,ON CPU,CPU,21
2026-07-15T09:33,T1,1,PERFLAB,PERFLAB_SVC,1it3ra1000002,771122330099,LITERAL_LOOKUP_T02,SETTLEMENT,LOOKUP_LITERAL,1765432109,WAITING,library cache: mutex X,Concurrency,11
2026-07-15T09:33,T1,1,PERFLAB,PERFLAB_SVC,1it3ra1000003,771122330099,LITERAL_LOOKUP_T03,SETTLEMENT,LOOKUP_LITERAL,1765432109,ON CPU,ON CPU,CPU,21
2026-07-15T09:33,T1,1,PERFLAB,PERFLAB_SVC,1it3ra1000003,771122330099,LITERAL_LOOKUP_T03,SETTLEMENT,LOOKUP_LITERAL,1765432109,WAITING,library cache: mutex X,Concurrency,11
2026-07-15T09:33,T1,1,PERFLAB,PERFLAB_SVC,0th3rn015e001,555000111222,NORMAL_ORDER_API,ORDER_API,NORMAL_TX,990011223,ON CPU,ON CPU,CPU,72
2026-07-15T09:33,T1,1,PERFLAB,PERFLAB_SVC,0th3rn015e001,555000111222,NORMAL_ORDER_API,ORDER_API,NORMAL_TX,990011223,WAITING,db file sequential read,User I/O,40
2026-07-15T09:34,T1,1,PERFLAB,PERFLAB_SVC,9u1m3rg3a0b1x,918273645001,SETTLEMENT_MERGE,SETTLEMENT,MERGE_BATCH,4289017712,ON CPU,ON CPU,CPU,71
2026-07-15T09:34,T1,1,PERFLAB,PERFLAB_SVC,9u1m3rg3a0b1x,918273645001,SETTLEMENT_MERGE,SETTLEMENT,MERGE_BATCH,4289017712,WAITING,db file sequential read,User I/O,37
2026-07-15T09:34,T1,1,PERFLAB,PERFLAB_SVC,1it3ra1000001,771122330099,LITERAL_LOOKUP_T01,SETTLEMENT,LOOKUP_LITERAL,1765432109,ON CPU,ON CPU,CPU,22
2026-07-15T09:34,T1,1,PERFLAB,PERFLAB_SVC,1it3ra1000001,771122330099,LITERAL_LOOKUP_T01,SETTLEMENT,LOOKUP_LITERAL,1765432109,WAITING,library cache: mutex X,Concurrency,12
2026-07-15T09:34,T1,1,PERFLAB,PERFLAB_SVC,1it3ra1000002,771122330099,LITERAL_LOOKUP_T02,SETTLEMENT,LOOKUP_LITERAL,1765432109,ON CPU,ON CPU,CPU,22
2026-07-15T09:34,T1,1,PERFLAB,PERFLAB_SVC,1it3ra1000002,771122330099,LITERAL_LOOKUP_T02,SETTLEMENT,LOOKUP_LITERAL,1765432109,WAITING,library cache: mutex X,Concurrency,11
2026-07-15T09:34,T1,1,PERFLAB,PERFLAB_SVC,1it3ra1000003,771122330099,LITERAL_LOOKUP_T03,SETTLEMENT,LOOKUP_LITERAL,1765432109,ON CPU,ON CPU,CPU,22
2026-07-15T09:34,T1,1,PERFLAB,PERFLAB_SVC,1it3ra1000003,771122330099,LITERAL_LOOKUP_T03,SETTLEMENT,LOOKUP_LITERAL,1765432109,WAITING,library cache: mutex X,Concurrency,11
2026-07-15T09:34,T1,1,PERFLAB,PERFLAB_SVC,0th3rn015e001,555000111222,NORMAL_ORDER_API,ORDER_API,NORMAL_TX,990011223,ON CPU,ON CPU,CPU,71
2026-07-15T09:34,T1,1,PERFLAB,PERFLAB_SVC,0th3rn015e001,555000111222,NORMAL_ORDER_API,ORDER_API,NORMAL_TX,990011223,WAITING,db file sequential read,User I/O,39
2026-07-15T09:35,T2,1,PERFLAB,PERFLAB_SVC,9u1m3rg3a0b1x,918273645001,SETTLEMENT_MERGE,SETTLEMENT,MERGE_BATCH,4289017712,ON CPU,ON CPU,CPU,185
2026-07-15T09:35,T2,1,PERFLAB,PERFLAB_SVC,9u1m3rg3a0b1x,918273645001,SETTLEMENT_MERGE,SETTLEMENT,MERGE_BATCH,4289017712,WAITING,db file sequential read,User I/O,119
2026-07-15T09:35,T2,1,PERFLAB,PERFLAB_SVC,1it3ra1000001,771122330099,LITERAL_LOOKUP_T01,SETTLEMENT,LOOKUP_LITERAL,1765432109,ON CPU,ON CPU,CPU,38
2026-07-15T09:35,T2,1,PERFLAB,PERFLAB_SVC,1it3ra1000001,771122330099,LITERAL_LOOKUP_T01,SETTLEMENT,LOOKUP_LITERAL,1765432109,WAITING,library cache: mutex X,Concurrency,24
2026-07-15T09:35,T2,1,PERFLAB,PERFLAB_SVC,1it3ra1000002,771122330099,LITERAL_LOOKUP_T02,SETTLEMENT,LOOKUP_LITERAL,1765432109,ON CPU,ON CPU,CPU,37
2026-07-15T09:35,T2,1,PERFLAB,PERFLAB_SVC,1it3ra1000002,771122330099,LITERAL_LOOKUP_T02,SETTLEMENT,LOOKUP_LITERAL,1765432109,WAITING,library cache: mutex X,Concurrency,23
2026-07-15T09:35,T2,1,PERFLAB,PERFLAB_SVC,1it3ra1000003,771122330099,LITERAL_LOOKUP_T03,SETTLEMENT,LOOKUP_LITERAL,1765432109,ON CPU,ON CPU,CPU,37
2026-07-15T09:35,T2,1,PERFLAB,PERFLAB_SVC,1it3ra1000003,771122330099,LITERAL_LOOKUP_T03,SETTLEMENT,LOOKUP_LITERAL,1765432109,WAITING,library cache: mutex X,Concurrency,23
2026-07-15T09:35,T2,1,PERFLAB,PERFLAB_SVC,0th3rn015e001,555000111222,NORMAL_ORDER_API,ORDER_API,NORMAL_TX,990011223,ON CPU,ON CPU,CPU,115
2026-07-15T09:35,T2,1,PERFLAB,PERFLAB_SVC,0th3rn015e001,555000111222,NORMAL_ORDER_API,ORDER_API,NORMAL_TX,990011223,WAITING,db file sequential read,User I/O,75
2026-07-15T09:36,T2,1,PERFLAB,PERFLAB_SVC,9u1m3rg3a0b1x,918273645001,SETTLEMENT_MERGE,SETTLEMENT,MERGE_BATCH,4289017712,ON CPU,ON CPU,CPU,180
2026-07-15T09:36,T2,1,PERFLAB,PERFLAB_SVC,9u1m3rg3a0b1x,918273645001,SETTLEMENT_MERGE,SETTLEMENT,MERGE_BATCH,4289017712,WAITING,db file sequential read,User I/O,115
2026-07-15T09:36,T2,1,PERFLAB,PERFLAB_SVC,1it3ra1000001,771122330099,LITERAL_LOOKUP_T01,SETTLEMENT,LOOKUP_LITERAL,1765432109,ON CPU,ON CPU,CPU,37
2026-07-15T09:36,T2,1,PERFLAB,PERFLAB_SVC,1it3ra1000001,771122330099,LITERAL_LOOKUP_T01,SETTLEMENT,LOOKUP_LITERAL,1765432109,WAITING,library cache: mutex X,Concurrency,23
2026-07-15T09:36,T2,1,PERFLAB,PERFLAB_SVC,1it3ra1000002,771122330099,LITERAL_LOOKUP_T02,SETTLEMENT,LOOKUP_LITERAL,1765432109,ON CPU,ON CPU,CPU,35
2026-07-15T09:36,T2,1,PERFLAB,PERFLAB_SVC,1it3ra1000002,771122330099,LITERAL_LOOKUP_T02,SETTLEMENT,LOOKUP_LITERAL,1765432109,WAITING,library cache: mutex X,Concurrency,23
2026-07-15T09:36,T2,1,PERFLAB,PERFLAB_SVC,1it3ra1000003,771122330099,LITERAL_LOOKUP_T03,SETTLEMENT,LOOKUP_LITERAL,1765432109,ON CPU,ON CPU,CPU,35
2026-07-15T09:36,T2,1,PERFLAB,PERFLAB_SVC,1it3ra1000003,771122330099,LITERAL_LOOKUP_T03,SETTLEMENT,LOOKUP_LITERAL,1765432109,WAITING,library cache: mutex X,Concurrency,23
2026-07-15T09:36,T2,1,PERFLAB,PERFLAB_SVC,0th3rn015e001,555000111222,NORMAL_ORDER_API,ORDER_API,NORMAL_TX,990011223,ON CPU,ON CPU,CPU,113
2026-07-15T09:36,T2,1,PERFLAB,PERFLAB_SVC,0th3rn015e001,555000111222,NORMAL_ORDER_API,ORDER_API,NORMAL_TX,990011223,WAITING,db file sequential read,User I/O,72
2026-07-15T09:37,T2,1,PERFLAB,PERFLAB_SVC,9u1m3rg3a0b1x,918273645001,SETTLEMENT_MERGE,SETTLEMENT,MERGE_BATCH,4289017712,ON CPU,ON CPU,CPU,176
2026-07-15T09:37,T2,1,PERFLAB,PERFLAB_SVC,9u1m3rg3a0b1x,918273645001,SETTLEMENT_MERGE,SETTLEMENT,MERGE_BATCH,4289017712,WAITING,db file sequential read,User I/O,114
2026-07-15T09:37,T2,1,PERFLAB,PERFLAB_SVC,1it3ra1000001,771122330099,LITERAL_LOOKUP_T01,SETTLEMENT,LOOKUP_LITERAL,1765432109,ON CPU,ON CPU,CPU,36
2026-07-15T09:37,T2,1,PERFLAB,PERFLAB_SVC,1it3ra1000001,771122330099,LITERAL_LOOKUP_T01,SETTLEMENT,LOOKUP_LITERAL,1765432109,WAITING,library cache: mutex X,Concurrency,23
2026-07-15T09:37,T2,1,PERFLAB,PERFLAB_SVC,1it3ra1000002,771122330099,LITERAL_LOOKUP_T02,SETTLEMENT,LOOKUP_LITERAL,1765432109,ON CPU,ON CPU,CPU,35
2026-07-15T09:37,T2,1,PERFLAB,PERFLAB_SVC,1it3ra1000002,771122330099,LITERAL_LOOKUP_T02,SETTLEMENT,LOOKUP_LITERAL,1765432109,WAITING,library cache: mutex X,Concurrency,22
2026-07-15T09:37,T2,1,PERFLAB,PERFLAB_SVC,1it3ra1000003,771122330099,LITERAL_LOOKUP_T03,SETTLEMENT,LOOKUP_LITERAL,1765432109,ON CPU,ON CPU,CPU,35
2026-07-15T09:37,T2,1,PERFLAB,PERFLAB_SVC,1it3ra1000003,771122330099,LITERAL_LOOKUP_T03,SETTLEMENT,LOOKUP_LITERAL,1765432109,WAITING,library cache: mutex X,Concurrency,22
2026-07-15T09:37,T2,1,PERFLAB,PERFLAB_SVC,0th3rn015e001,555000111222,NORMAL_ORDER_API,ORDER_API,NORMAL_TX,990011223,ON CPU,ON CPU,CPU,110
2026-07-15T09:37,T2,1,PERFLAB,PERFLAB_SVC,0th3rn015e001,555000111222,NORMAL_ORDER_API,ORDER_API,NORMAL_TX,990011223,WAITING,db file sequential read,User I/O,72
2026-07-15T09:38,T2,1,PERFLAB,PERFLAB_SVC,9u1m3rg3a0b1x,918273645001,SETTLEMENT_MERGE,SETTLEMENT,MERGE_BATCH,4289017712,ON CPU,ON CPU,CPU,183
2026-07-15T09:38,T2,1,PERFLAB,PERFLAB_SVC,9u1m3rg3a0b1x,918273645001,SETTLEMENT_MERGE,SETTLEMENT,MERGE_BATCH,4289017712,WAITING,db file sequential read,User I/O,118
2026-07-15T09:38,T2,1,PERFLAB,PERFLAB_SVC,1it3ra1000001,771122330099,LITERAL_LOOKUP_T01,SETTLEMENT,LOOKUP_LITERAL,1765432109,ON CPU,ON CPU,CPU,37
2026-07-15T09:38,T2,1,PERFLAB,PERFLAB_SVC,1it3ra1000001,771122330099,LITERAL_LOOKUP_T01,SETTLEMENT,LOOKUP_LITERAL,1765432109,WAITING,library cache: mutex X,Concurrency,24
2026-07-15T09:38,T2,1,PERFLAB,PERFLAB_SVC,1it3ra1000002,771122330099,LITERAL_LOOKUP_T02,SETTLEMENT,LOOKUP_LITERAL,1765432109,ON CPU,ON CPU,CPU,37
2026-07-15T09:38,T2,1,PERFLAB,PERFLAB_SVC,1it3ra1000002,771122330099,LITERAL_LOOKUP_T02,SETTLEMENT,LOOKUP_LITERAL,1765432109,WAITING,library cache: mutex X,Concurrency,23
2026-07-15T09:38,T2,1,PERFLAB,PERFLAB_SVC,1it3ra1000003,771122330099,LITERAL_LOOKUP_T03,SETTLEMENT,LOOKUP_LITERAL,1765432109,ON CPU,ON CPU,CPU,37
2026-07-15T09:38,T2,1,PERFLAB,PERFLAB_SVC,1it3ra1000003,771122330099,LITERAL_LOOKUP_T03,SETTLEMENT,LOOKUP_LITERAL,1765432109,WAITING,library cache: mutex X,Concurrency,23
2026-07-15T09:38,T2,1,PERFLAB,PERFLAB_SVC,0th3rn015e001,555000111222,NORMAL_ORDER_API,ORDER_API,NORMAL_TX,990011223,ON CPU,ON CPU,CPU,113
2026-07-15T09:38,T2,1,PERFLAB,PERFLAB_SVC,0th3rn015e001,555000111222,NORMAL_ORDER_API,ORDER_API,NORMAL_TX,990011223,WAITING,db file sequential read,User I/O,73
2026-07-15T09:39,T2,1,PERFLAB,PERFLAB_SVC,9u1m3rg3a0b1x,918273645001,SETTLEMENT_MERGE,SETTLEMENT,MERGE_BATCH,4289017712,ON CPU,ON CPU,CPU,185
2026-07-15T09:39,T2,1,PERFLAB,PERFLAB_SVC,9u1m3rg3a0b1x,918273645001,SETTLEMENT_MERGE,SETTLEMENT,MERGE_BATCH,4289017712,WAITING,db file sequential read,User I/O,118
2026-07-15T09:39,T2,1,PERFLAB,PERFLAB_SVC,1it3ra1000001,771122330099,LITERAL_LOOKUP_T01,SETTLEMENT,LOOKUP_LITERAL,1765432109,ON CPU,ON CPU,CPU,38
2026-07-15T09:39,T2,1,PERFLAB,PERFLAB_SVC,1it3ra1000001,771122330099,LITERAL_LOOKUP_T01,SETTLEMENT,LOOKUP_LITERAL,1765432109,WAITING,library cache: mutex X,Concurrency,24
2026-07-15T09:39,T2,1,PERFLAB,PERFLAB_SVC,1it3ra1000002,771122330099,LITERAL_LOOKUP_T02,SETTLEMENT,LOOKUP_LITERAL,1765432109,ON CPU,ON CPU,CPU,37
2026-07-15T09:39,T2,1,PERFLAB,PERFLAB_SVC,1it3ra1000002,771122330099,LITERAL_LOOKUP_T02,SETTLEMENT,LOOKUP_LITERAL,1765432109,WAITING,library cache: mutex X,Concurrency,23
2026-07-15T09:39,T2,1,PERFLAB,PERFLAB_SVC,1it3ra1000003,771122330099,LITERAL_LOOKUP_T03,SETTLEMENT,LOOKUP_LITERAL,1765432109,ON CPU,ON CPU,CPU,37
2026-07-15T09:39,T2,1,PERFLAB,PERFLAB_SVC,1it3ra1000003,771122330099,LITERAL_LOOKUP_T03,SETTLEMENT,LOOKUP_LITERAL,1765432109,WAITING,library cache: mutex X,Concurrency,23
2026-07-15T09:39,T2,1,PERFLAB,PERFLAB_SVC,0th3rn015e001,555000111222,NORMAL_ORDER_API,ORDER_API,NORMAL_TX,990011223,ON CPU,ON CPU,CPU,113
2026-07-15T09:39,T2,1,PERFLAB,PERFLAB_SVC,0th3rn015e001,555000111222,NORMAL_ORDER_API,ORDER_API,NORMAL_TX,990011223,WAITING,db file sequential read,User I/O,75
2026-07-15T09:40,T2,1,PERFLAB,PERFLAB_SVC,9u1m3rg3a0b1x,918273645001,SETTLEMENT_MERGE,SETTLEMENT,MERGE_BATCH,4289017712,ON CPU,ON CPU,CPU,178
2026-07-15T09:40,T2,1,PERFLAB,PERFLAB_SVC,9u1m3rg3a0b1x,918273645001,SETTLEMENT_MERGE,SETTLEMENT,MERGE_BATCH,4289017712,WAITING,db file sequential read,User I/O,114
2026-07-15T09:40,T2,1,PERFLAB,PERFLAB_SVC,1it3ra1000001,771122330099,LITERAL_LOOKUP_T01,SETTLEMENT,LOOKUP_LITERAL,1765432109,ON CPU,ON CPU,CPU,37
2026-07-15T09:40,T2,1,PERFLAB,PERFLAB_SVC,1it3ra1000001,771122330099,LITERAL_LOOKUP_T01,SETTLEMENT,LOOKUP_LITERAL,1765432109,WAITING,library cache: mutex X,Concurrency,23
2026-07-15T09:40,T2,1,PERFLAB,PERFLAB_SVC,1it3ra1000002,771122330099,LITERAL_LOOKUP_T02,SETTLEMENT,LOOKUP_LITERAL,1765432109,ON CPU,ON CPU,CPU,35
2026-07-15T09:40,T2,1,PERFLAB,PERFLAB_SVC,1it3ra1000002,771122330099,LITERAL_LOOKUP_T02,SETTLEMENT,LOOKUP_LITERAL,1765432109,WAITING,library cache: mutex X,Concurrency,23
2026-07-15T09:40,T2,1,PERFLAB,PERFLAB_SVC,1it3ra1000003,771122330099,LITERAL_LOOKUP_T03,SETTLEMENT,LOOKUP_LITERAL,1765432109,ON CPU,ON CPU,CPU,35
2026-07-15T09:40,T2,1,PERFLAB,PERFLAB_SVC,1it3ra1000003,771122330099,LITERAL_LOOKUP_T03,SETTLEMENT,LOOKUP_LITERAL,1765432109,WAITING,library cache: mutex X,Concurrency,23
2026-07-15T09:40,T2,1,PERFLAB,PERFLAB_SVC,0th3rn015e001,555000111222,NORMAL_ORDER_API,ORDER_API,NORMAL_TX,990011223,ON CPU,ON CPU,CPU,110
2026-07-15T09:40,T2,1,PERFLAB,PERFLAB_SVC,0th3rn015e001,555000111222,NORMAL_ORDER_API,ORDER_API,NORMAL_TX,990011223,WAITING,db file sequential read,User I/O,71
2026-07-15T09:41,T2,1,PERFLAB,PERFLAB_SVC,9u1m3rg3a0b1x,918273645001,SETTLEMENT_MERGE,SETTLEMENT,MERGE_BATCH,4289017712,ON CPU,ON CPU,CPU,178
2026-07-15T09:41,T2,1,PERFLAB,PERFLAB_SVC,9u1m3rg3a0b1x,918273645001,SETTLEMENT_MERGE,SETTLEMENT,MERGE_BATCH,4289017712,WAITING,db file sequential read,User I/O,114
2026-07-15T09:41,T2,1,PERFLAB,PERFLAB_SVC,1it3ra1000001,771122330099,LITERAL_LOOKUP_T01,SETTLEMENT,LOOKUP_LITERAL,1765432109,ON CPU,ON CPU,CPU,37
2026-07-15T09:41,T2,1,PERFLAB,PERFLAB_SVC,1it3ra1000001,771122330099,LITERAL_LOOKUP_T01,SETTLEMENT,LOOKUP_LITERAL,1765432109,WAITING,library cache: mutex X,Concurrency,23
2026-07-15T09:41,T2,1,PERFLAB,PERFLAB_SVC,1it3ra1000002,771122330099,LITERAL_LOOKUP_T02,SETTLEMENT,LOOKUP_LITERAL,1765432109,ON CPU,ON CPU,CPU,35
2026-07-15T09:41,T2,1,PERFLAB,PERFLAB_SVC,1it3ra1000002,771122330099,LITERAL_LOOKUP_T02,SETTLEMENT,LOOKUP_LITERAL,1765432109,WAITING,library cache: mutex X,Concurrency,23
2026-07-15T09:41,T2,1,PERFLAB,PERFLAB_SVC,1it3ra1000003,771122330099,LITERAL_LOOKUP_T03,SETTLEMENT,LOOKUP_LITERAL,1765432109,ON CPU,ON CPU,CPU,35
2026-07-15T09:41,T2,1,PERFLAB,PERFLAB_SVC,1it3ra1000003,771122330099,LITERAL_LOOKUP_T03,SETTLEMENT,LOOKUP_LITERAL,1765432109,WAITING,library cache: mutex X,Concurrency,23
2026-07-15T09:41,T2,1,PERFLAB,PERFLAB_SVC,0th3rn015e001,555000111222,NORMAL_ORDER_API,ORDER_API,NORMAL_TX,990011223,ON CPU,ON CPU,CPU,111
2026-07-15T09:41,T2,1,PERFLAB,PERFLAB_SVC,0th3rn015e001,555000111222,NORMAL_ORDER_API,ORDER_API,NORMAL_TX,990011223,WAITING,db file sequential read,User I/O,71
2026-07-15T09:42,T2,1,PERFLAB,PERFLAB_SVC,9u1m3rg3a0b1x,918273645001,SETTLEMENT_MERGE,SETTLEMENT,MERGE_BATCH,4289017712,ON CPU,ON CPU,CPU,184
2026-07-15T09:42,T2,1,PERFLAB,PERFLAB_SVC,9u1m3rg3a0b1x,918273645001,SETTLEMENT_MERGE,SETTLEMENT,MERGE_BATCH,4289017712,WAITING,db file sequential read,User I/O,119
2026-07-15T09:42,T2,1,PERFLAB,PERFLAB_SVC,1it3ra1000001,771122330099,LITERAL_LOOKUP_T01,SETTLEMENT,LOOKUP_LITERAL,1765432109,ON CPU,ON CPU,CPU,38
2026-07-15T09:42,T2,1,PERFLAB,PERFLAB_SVC,1it3ra1000001,771122330099,LITERAL_LOOKUP_T01,SETTLEMENT,LOOKUP_LITERAL,1765432109,WAITING,library cache: mutex X,Concurrency,24
2026-07-15T09:42,T2,1,PERFLAB,PERFLAB_SVC,1it3ra1000002,771122330099,LITERAL_LOOKUP_T02,SETTLEMENT,LOOKUP_LITERAL,1765432109,ON CPU,ON CPU,CPU,36
2026-07-15T09:42,T2,1,PERFLAB,PERFLAB_SVC,1it3ra1000002,771122330099,LITERAL_LOOKUP_T02,SETTLEMENT,LOOKUP_LITERAL,1765432109,WAITING,library cache: mutex X,Concurrency,24
2026-07-15T09:42,T2,1,PERFLAB,PERFLAB_SVC,1it3ra1000003,771122330099,LITERAL_LOOKUP_T03,SETTLEMENT,LOOKUP_LITERAL,1765432109,ON CPU,ON CPU,CPU,36
2026-07-15T09:42,T2,1,PERFLAB,PERFLAB_SVC,1it3ra1000003,771122330099,LITERAL_LOOKUP_T03,SETTLEMENT,LOOKUP_LITERAL,1765432109,WAITING,library cache: mutex X,Concurrency,24
2026-07-15T09:42,T2,1,PERFLAB,PERFLAB_SVC,0th3rn015e001,555000111222,NORMAL_ORDER_API,ORDER_API,NORMAL_TX,990011223,ON CPU,ON CPU,CPU,116
2026-07-15T09:42,T2,1,PERFLAB,PERFLAB_SVC,0th3rn015e001,555000111222,NORMAL_ORDER_API,ORDER_API,NORMAL_TX,990011223,WAITING,db file sequential read,User I/O,73
2026-07-15T09:43,T3,1,PERFLAB,PERFLAB_SVC,9u1m3rg3a0b1x,918273645001,SETTLEMENT_MERGE,SETTLEMENT,MERGE_BATCH,4289017712,ON CPU,ON CPU,CPU,221
2026-07-15T09:43,T3,1,PERFLAB,PERFLAB_SVC,9u1m3rg3a0b1x,918273645001,SETTLEMENT_MERGE,SETTLEMENT,MERGE_BATCH,4289017712,WAITING,direct path read temp,User I/O,350
2026-07-15T09:43,T3,1,PERFLAB,PERFLAB_SVC,1it3ra1000001,771122330099,LITERAL_LOOKUP_T01,SETTLEMENT,LOOKUP_LITERAL,1765432109,ON CPU,ON CPU,CPU,21
2026-07-15T09:43,T3,1,PERFLAB,PERFLAB_SVC,1it3ra1000001,771122330099,LITERAL_LOOKUP_T01,SETTLEMENT,LOOKUP_LITERAL,1765432109,WAITING,library cache: mutex X,Concurrency,33
2026-07-15T09:43,T3,1,PERFLAB,PERFLAB_SVC,1it3ra1000002,771122330099,LITERAL_LOOKUP_T02,SETTLEMENT,LOOKUP_LITERAL,1765432109,ON CPU,ON CPU,CPU,20
2026-07-15T09:43,T3,1,PERFLAB,PERFLAB_SVC,1it3ra1000002,771122330099,LITERAL_LOOKUP_T02,SETTLEMENT,LOOKUP_LITERAL,1765432109,WAITING,library cache: mutex X,Concurrency,32
2026-07-15T09:43,T3,1,PERFLAB,PERFLAB_SVC,1it3ra1000003,771122330099,LITERAL_LOOKUP_T03,SETTLEMENT,LOOKUP_LITERAL,1765432109,ON CPU,ON CPU,CPU,20
2026-07-15T09:43,T3,1,PERFLAB,PERFLAB_SVC,1it3ra1000003,771122330099,LITERAL_LOOKUP_T03,SETTLEMENT,LOOKUP_LITERAL,1765432109,WAITING,library cache: mutex X,Concurrency,32
2026-07-15T09:43,T3,1,PERFLAB,PERFLAB_SVC,0th3rn015e001,555000111222,NORMAL_ORDER_API,ORDER_API,NORMAL_TX,990011223,ON CPU,ON CPU,CPU,99
2026-07-15T09:43,T3,1,PERFLAB,PERFLAB_SVC,0th3rn015e001,555000111222,NORMAL_ORDER_API,ORDER_API,NORMAL_TX,990011223,WAITING,db file sequential read,User I/O,156
2026-07-15T09:44,T3,1,PERFLAB,PERFLAB_SVC,9u1m3rg3a0b1x,918273645001,SETTLEMENT_MERGE,SETTLEMENT,MERGE_BATCH,4289017712,ON CPU,ON CPU,CPU,214
2026-07-15T09:44,T3,1,PERFLAB,PERFLAB_SVC,9u1m3rg3a0b1x,918273645001,SETTLEMENT_MERGE,SETTLEMENT,MERGE_BATCH,4289017712,WAITING,direct path read temp,User I/O,339
2026-07-15T09:44,T3,1,PERFLAB,PERFLAB_SVC,1it3ra1000001,771122330099,LITERAL_LOOKUP_T01,SETTLEMENT,LOOKUP_LITERAL,1765432109,ON CPU,ON CPU,CPU,20
2026-07-15T09:44,T3,1,PERFLAB,PERFLAB_SVC,1it3ra1000001,771122330099,LITERAL_LOOKUP_T01,SETTLEMENT,LOOKUP_LITERAL,1765432109,WAITING,library cache: mutex X,Concurrency,32
2026-07-15T09:44,T3,1,PERFLAB,PERFLAB_SVC,1it3ra1000002,771122330099,LITERAL_LOOKUP_T02,SETTLEMENT,LOOKUP_LITERAL,1765432109,ON CPU,ON CPU,CPU,19
2026-07-15T09:44,T3,1,PERFLAB,PERFLAB_SVC,1it3ra1000002,771122330099,LITERAL_LOOKUP_T02,SETTLEMENT,LOOKUP_LITERAL,1765432109,WAITING,library cache: mutex X,Concurrency,31
2026-07-15T09:44,T3,1,PERFLAB,PERFLAB_SVC,1it3ra1000003,771122330099,LITERAL_LOOKUP_T03,SETTLEMENT,LOOKUP_LITERAL,1765432109,ON CPU,ON CPU,CPU,19
2026-07-15T09:44,T3,1,PERFLAB,PERFLAB_SVC,1it3ra1000003,771122330099,LITERAL_LOOKUP_T03,SETTLEMENT,LOOKUP_LITERAL,1765432109,WAITING,library cache: mutex X,Concurrency,31
2026-07-15T09:44,T3,1,PERFLAB,PERFLAB_SVC,0th3rn015e001,555000111222,NORMAL_ORDER_API,ORDER_API,NORMAL_TX,990011223,ON CPU,ON CPU,CPU,98
2026-07-15T09:44,T3,1,PERFLAB,PERFLAB_SVC,0th3rn015e001,555000111222,NORMAL_ORDER_API,ORDER_API,NORMAL_TX,990011223,WAITING,db file sequential read,User I/O,151
2026-07-15T09:45,T3,1,PERFLAB,PERFLAB_SVC,9u1m3rg3a0b1x,918273645001,SETTLEMENT_MERGE,SETTLEMENT,MERGE_BATCH,4289017712,ON CPU,ON CPU,CPU,211
2026-07-15T09:45,T3,1,PERFLAB,PERFLAB_SVC,9u1m3rg3a0b1x,918273645001,SETTLEMENT_MERGE,SETTLEMENT,MERGE_BATCH,4289017712,WAITING,direct path read temp,User I/O,333
2026-07-15T09:45,T3,1,PERFLAB,PERFLAB_SVC,1it3ra1000001,771122330099,LITERAL_LOOKUP_T01,SETTLEMENT,LOOKUP_LITERAL,1765432109,ON CPU,ON CPU,CPU,20
2026-07-15T09:45,T3,1,PERFLAB,PERFLAB_SVC,1it3ra1000001,771122330099,LITERAL_LOOKUP_T01,SETTLEMENT,LOOKUP_LITERAL,1765432109,WAITING,library cache: mutex X,Concurrency,31
2026-07-15T09:45,T3,1,PERFLAB,PERFLAB_SVC,1it3ra1000002,771122330099,LITERAL_LOOKUP_T02,SETTLEMENT,LOOKUP_LITERAL,1765432109,ON CPU,ON CPU,CPU,19
2026-07-15T09:45,T3,1,PERFLAB,PERFLAB_SVC,1it3ra1000002,771122330099,LITERAL_LOOKUP_T02,SETTLEMENT,LOOKUP_LITERAL,1765432109,WAITING,library cache: mutex X,Concurrency,31
2026-07-15T09:45,T3,1,PERFLAB,PERFLAB_SVC,1it3ra1000003,771122330099,LITERAL_LOOKUP_T03,SETTLEMENT,LOOKUP_LITERAL,1765432109,ON CPU,ON CPU,CPU,19
2026-07-15T09:45,T3,1,PERFLAB,PERFLAB_SVC,1it3ra1000003,771122330099,LITERAL_LOOKUP_T03,SETTLEMENT,LOOKUP_LITERAL,1765432109,WAITING,library cache: mutex X,Concurrency,31
2026-07-15T09:45,T3,1,PERFLAB,PERFLAB_SVC,0th3rn015e001,555000111222,NORMAL_ORDER_API,ORDER_API,NORMAL_TX,990011223,ON CPU,ON CPU,CPU,95
2026-07-15T09:45,T3,1,PERFLAB,PERFLAB_SVC,0th3rn015e001,555000111222,NORMAL_ORDER_API,ORDER_API,NORMAL_TX,990011223,WAITING,db file sequential read,User I/O,148
2026-07-15T09:46,T3,1,PERFLAB,PERFLAB_SVC,9u1m3rg3a0b1x,918273645001,SETTLEMENT_MERGE,SETTLEMENT,MERGE_BATCH,4289017712,ON CPU,ON CPU,CPU,219
2026-07-15T09:46,T3,1,PERFLAB,PERFLAB_SVC,9u1m3rg3a0b1x,918273645001,SETTLEMENT_MERGE,SETTLEMENT,MERGE_BATCH,4289017712,WAITING,direct path read temp,User I/O,345
2026-07-15T09:46,T3,1,PERFLAB,PERFLAB_SVC,1it3ra1000001,771122330099,LITERAL_LOOKUP_T01,SETTLEMENT,LOOKUP_LITERAL,1765432109,ON CPU,ON CPU,CPU,21
2026-07-15T09:46,T3,1,PERFLAB,PERFLAB_SVC,1it3ra1000001,771122330099,LITERAL_LOOKUP_T01,SETTLEMENT,LOOKUP_LITERAL,1765432109,WAITING,library cache: mutex X,Concurrency,32
2026-07-15T09:46,T3,1,PERFLAB,PERFLAB_SVC,1it3ra1000002,771122330099,LITERAL_LOOKUP_T02,SETTLEMENT,LOOKUP_LITERAL,1765432109,ON CPU,ON CPU,CPU,20
2026-07-15T09:46,T3,1,PERFLAB,PERFLAB_SVC,1it3ra1000002,771122330099,LITERAL_LOOKUP_T02,SETTLEMENT,LOOKUP_LITERAL,1765432109,WAITING,library cache: mutex X,Concurrency,31
2026-07-15T09:46,T3,1,PERFLAB,PERFLAB_SVC,1it3ra1000003,771122330099,LITERAL_LOOKUP_T03,SETTLEMENT,LOOKUP_LITERAL,1765432109,ON CPU,ON CPU,CPU,20
2026-07-15T09:46,T3,1,PERFLAB,PERFLAB_SVC,1it3ra1000003,771122330099,LITERAL_LOOKUP_T03,SETTLEMENT,LOOKUP_LITERAL,1765432109,WAITING,library cache: mutex X,Concurrency,31
2026-07-15T09:46,T3,1,PERFLAB,PERFLAB_SVC,0th3rn015e001,555000111222,NORMAL_ORDER_API,ORDER_API,NORMAL_TX,990011223,ON CPU,ON CPU,CPU,97
2026-07-15T09:46,T3,1,PERFLAB,PERFLAB_SVC,0th3rn015e001,555000111222,NORMAL_ORDER_API,ORDER_API,NORMAL_TX,990011223,WAITING,db file sequential read,User I/O,156
2026-07-15T09:47,T3,1,PERFLAB,PERFLAB_SVC,9u1m3rg3a0b1x,918273645001,SETTLEMENT_MERGE,SETTLEMENT,MERGE_BATCH,4289017712,ON CPU,ON CPU,CPU,220
2026-07-15T09:47,T3,1,PERFLAB,PERFLAB_SVC,9u1m3rg3a0b1x,918273645001,SETTLEMENT_MERGE,SETTLEMENT,MERGE_BATCH,4289017712,WAITING,direct path read temp,User I/O,348
2026-07-15T09:47,T3,1,PERFLAB,PERFLAB_SVC,1it3ra1000001,771122330099,LITERAL_LOOKUP_T01,SETTLEMENT,LOOKUP_LITERAL,1765432109,ON CPU,ON CPU,CPU,21
2026-07-15T09:47,T3,1,PERFLAB,PERFLAB_SVC,1it3ra1000001,771122330099,LITERAL_LOOKUP_T01,SETTLEMENT,LOOKUP_LITERAL,1765432109,WAITING,library cache: mutex X,Concurrency,32
2026-07-15T09:47,T3,1,PERFLAB,PERFLAB_SVC,1it3ra1000002,771122330099,LITERAL_LOOKUP_T02,SETTLEMENT,LOOKUP_LITERAL,1765432109,ON CPU,ON CPU,CPU,20
2026-07-15T09:47,T3,1,PERFLAB,PERFLAB_SVC,1it3ra1000002,771122330099,LITERAL_LOOKUP_T02,SETTLEMENT,LOOKUP_LITERAL,1765432109,WAITING,library cache: mutex X,Concurrency,32
2026-07-15T09:47,T3,1,PERFLAB,PERFLAB_SVC,1it3ra1000003,771122330099,LITERAL_LOOKUP_T03,SETTLEMENT,LOOKUP_LITERAL,1765432109,ON CPU,ON CPU,CPU,20
2026-07-15T09:47,T3,1,PERFLAB,PERFLAB_SVC,1it3ra1000003,771122330099,LITERAL_LOOKUP_T03,SETTLEMENT,LOOKUP_LITERAL,1765432109,WAITING,library cache: mutex X,Concurrency,32
2026-07-15T09:47,T3,1,PERFLAB,PERFLAB_SVC,0th3rn015e001,555000111222,NORMAL_ORDER_API,ORDER_API,NORMAL_TX,990011223,ON CPU,ON CPU,CPU,98
2026-07-15T09:47,T3,1,PERFLAB,PERFLAB_SVC,0th3rn015e001,555000111222,NORMAL_ORDER_API,ORDER_API,NORMAL_TX,990011223,WAITING,db file sequential read,User I/O,156
2026-07-15T09:48,T3,1,PERFLAB,PERFLAB_SVC,9u1m3rg3a0b1x,918273645001,SETTLEMENT_MERGE,SETTLEMENT,MERGE_BATCH,4289017712,ON CPU,ON CPU,CPU,212
2026-07-15T09:48,T3,1,PERFLAB,PERFLAB_SVC,9u1m3rg3a0b1x,918273645001,SETTLEMENT_MERGE,SETTLEMENT,MERGE_BATCH,4289017712,WAITING,direct path read temp,User I/O,335
2026-07-15T09:48,T3,1,PERFLAB,PERFLAB_SVC,1it3ra1000001,771122330099,LITERAL_LOOKUP_T01,SETTLEMENT,LOOKUP_LITERAL,1765432109,ON CPU,ON CPU,CPU,20
2026-07-15T09:48,T3,1,PERFLAB,PERFLAB_SVC,1it3ra1000001,771122330099,LITERAL_LOOKUP_T01,SETTLEMENT,LOOKUP_LITERAL,1765432109,WAITING,library cache: mutex X,Concurrency,31
2026-07-15T09:48,T3,1,PERFLAB,PERFLAB_SVC,1it3ra1000002,771122330099,LITERAL_LOOKUP_T02,SETTLEMENT,LOOKUP_LITERAL,1765432109,ON CPU,ON CPU,CPU,19
2026-07-15T09:48,T3,1,PERFLAB,PERFLAB_SVC,1it3ra1000002,771122330099,LITERAL_LOOKUP_T02,SETTLEMENT,LOOKUP_LITERAL,1765432109,WAITING,library cache: mutex X,Concurrency,31
2026-07-15T09:48,T3,1,PERFLAB,PERFLAB_SVC,1it3ra1000003,771122330099,LITERAL_LOOKUP_T03,SETTLEMENT,LOOKUP_LITERAL,1765432109,ON CPU,ON CPU,CPU,19
2026-07-15T09:48,T3,1,PERFLAB,PERFLAB_SVC,1it3ra1000003,771122330099,LITERAL_LOOKUP_T03,SETTLEMENT,LOOKUP_LITERAL,1765432109,WAITING,library cache: mutex X,Concurrency,31
2026-07-15T09:48,T3,1,PERFLAB,PERFLAB_SVC,0th3rn015e001,555000111222,NORMAL_ORDER_API,ORDER_API,NORMAL_TX,990011223,ON CPU,ON CPU,CPU,95
2026-07-15T09:48,T3,1,PERFLAB,PERFLAB_SVC,0th3rn015e001,555000111222,NORMAL_ORDER_API,ORDER_API,NORMAL_TX,990011223,WAITING,db file sequential read,User I/O,150
2026-07-15T09:49,T3,1,PERFLAB,PERFLAB_SVC,9u1m3rg3a0b1x,918273645001,SETTLEMENT_MERGE,SETTLEMENT,MERGE_BATCH,4289017712,ON CPU,ON CPU,CPU,212
2026-07-15T09:49,T3,1,PERFLAB,PERFLAB_SVC,9u1m3rg3a0b1x,918273645001,SETTLEMENT_MERGE,SETTLEMENT,MERGE_BATCH,4289017712,WAITING,direct path read temp,User I/O,336
2026-07-15T09:49,T3,1,PERFLAB,PERFLAB_SVC,1it3ra1000001,771122330099,LITERAL_LOOKUP_T01,SETTLEMENT,LOOKUP_LITERAL,1765432109,ON CPU,ON CPU,CPU,20
2026-07-15T09:49,T3,1,PERFLAB,PERFLAB_SVC,1it3ra1000001,771122330099,LITERAL_LOOKUP_T01,SETTLEMENT,LOOKUP_LITERAL,1765432109,WAITING,library cache: mutex X,Concurrency,31
2026-07-15T09:49,T3,1,PERFLAB,PERFLAB_SVC,1it3ra1000002,771122330099,LITERAL_LOOKUP_T02,SETTLEMENT,LOOKUP_LITERAL,1765432109,ON CPU,ON CPU,CPU,19
2026-07-15T09:49,T3,1,PERFLAB,PERFLAB_SVC,1it3ra1000002,771122330099,LITERAL_LOOKUP_T02,SETTLEMENT,LOOKUP_LITERAL,1765432109,WAITING,library cache: mutex X,Concurrency,31
2026-07-15T09:49,T3,1,PERFLAB,PERFLAB_SVC,1it3ra1000003,771122330099,LITERAL_LOOKUP_T03,SETTLEMENT,LOOKUP_LITERAL,1765432109,ON CPU,ON CPU,CPU,19
2026-07-15T09:49,T3,1,PERFLAB,PERFLAB_SVC,1it3ra1000003,771122330099,LITERAL_LOOKUP_T03,SETTLEMENT,LOOKUP_LITERAL,1765432109,WAITING,library cache: mutex X,Concurrency,31
2026-07-15T09:49,T3,1,PERFLAB,PERFLAB_SVC,0th3rn015e001,555000111222,NORMAL_ORDER_API,ORDER_API,NORMAL_TX,990011223,ON CPU,ON CPU,CPU,96
2026-07-15T09:49,T3,1,PERFLAB,PERFLAB_SVC,0th3rn015e001,555000111222,NORMAL_ORDER_API,ORDER_API,NORMAL_TX,990011223,WAITING,db file sequential read,User I/O,150
2026-07-15T09:50,T3,1,PERFLAB,PERFLAB_SVC,9u1m3rg3a0b1x,918273645001,SETTLEMENT_MERGE,SETTLEMENT,MERGE_BATCH,4289017712,ON CPU,ON CPU,CPU,220
2026-07-15T09:50,T3,1,PERFLAB,PERFLAB_SVC,9u1m3rg3a0b1x,918273645001,SETTLEMENT_MERGE,SETTLEMENT,MERGE_BATCH,4289017712,WAITING,direct path read temp,User I/O,348
2026-07-15T09:50,T3,1,PERFLAB,PERFLAB_SVC,1it3ra1000001,771122330099,LITERAL_LOOKUP_T01,SETTLEMENT,LOOKUP_LITERAL,1765432109,ON CPU,ON CPU,CPU,21
2026-07-15T09:50,T3,1,PERFLAB,PERFLAB_SVC,1it3ra1000001,771122330099,LITERAL_LOOKUP_T01,SETTLEMENT,LOOKUP_LITERAL,1765432109,WAITING,library cache: mutex X,Concurrency,32
2026-07-15T09:50,T3,1,PERFLAB,PERFLAB_SVC,1it3ra1000002,771122330099,LITERAL_LOOKUP_T02,SETTLEMENT,LOOKUP_LITERAL,1765432109,ON CPU,ON CPU,CPU,20
2026-07-15T09:50,T3,1,PERFLAB,PERFLAB_SVC,1it3ra1000002,771122330099,LITERAL_LOOKUP_T02,SETTLEMENT,LOOKUP_LITERAL,1765432109,WAITING,library cache: mutex X,Concurrency,32
2026-07-15T09:50,T3,1,PERFLAB,PERFLAB_SVC,1it3ra1000003,771122330099,LITERAL_LOOKUP_T03,SETTLEMENT,LOOKUP_LITERAL,1765432109,ON CPU,ON CPU,CPU,20
2026-07-15T09:50,T3,1,PERFLAB,PERFLAB_SVC,1it3ra1000003,771122330099,LITERAL_LOOKUP_T03,SETTLEMENT,LOOKUP_LITERAL,1765432109,WAITING,library cache: mutex X,Concurrency,32
2026-07-15T09:50,T3,1,PERFLAB,PERFLAB_SVC,0th3rn015e001,555000111222,NORMAL_ORDER_API,ORDER_API,NORMAL_TX,990011223,ON CPU,ON CPU,CPU,99
2026-07-15T09:50,T3,1,PERFLAB,PERFLAB_SVC,0th3rn015e001,555000111222,NORMAL_ORDER_API,ORDER_API,NORMAL_TX,990011223,WAITING,db file sequential read,User I/O,156
2026-07-15T09:51,T3,1,PERFLAB,PERFLAB_SVC,9u1m3rg3a0b1x,918273645001,SETTLEMENT_MERGE,SETTLEMENT,MERGE_BATCH,4289017712,ON CPU,ON CPU,CPU,218
2026-07-15T09:51,T3,1,PERFLAB,PERFLAB_SVC,9u1m3rg3a0b1x,918273645001,SETTLEMENT_MERGE,SETTLEMENT,MERGE_BATCH,4289017712,WAITING,direct path read temp,User I/O,345
2026-07-15T09:51,T3,1,PERFLAB,PERFLAB_SVC,1it3ra1000001,771122330099,LITERAL_LOOKUP_T01,SETTLEMENT,LOOKUP_LITERAL,1765432109,ON CPU,ON CPU,CPU,21
2026-07-15T09:51,T3,1,PERFLAB,PERFLAB_SVC,1it3ra1000001,771122330099,LITERAL_LOOKUP_T01,SETTLEMENT,LOOKUP_LITERAL,1765432109,WAITING,library cache: mutex X,Concurrency,32
2026-07-15T09:51,T3,1,PERFLAB,PERFLAB_SVC,1it3ra1000002,771122330099,LITERAL_LOOKUP_T02,SETTLEMENT,LOOKUP_LITERAL,1765432109,ON CPU,ON CPU,CPU,20
2026-07-15T09:51,T3,1,PERFLAB,PERFLAB_SVC,1it3ra1000002,771122330099,LITERAL_LOOKUP_T02,SETTLEMENT,LOOKUP_LITERAL,1765432109,WAITING,library cache: mutex X,Concurrency,31
2026-07-15T09:51,T3,1,PERFLAB,PERFLAB_SVC,1it3ra1000003,771122330099,LITERAL_LOOKUP_T03,SETTLEMENT,LOOKUP_LITERAL,1765432109,ON CPU,ON CPU,CPU,20
2026-07-15T09:51,T3,1,PERFLAB,PERFLAB_SVC,1it3ra1000003,771122330099,LITERAL_LOOKUP_T03,SETTLEMENT,LOOKUP_LITERAL,1765432109,WAITING,library cache: mutex X,Concurrency,31
2026-07-15T09:51,T3,1,PERFLAB,PERFLAB_SVC,0th3rn015e001,555000111222,NORMAL_ORDER_API,ORDER_API,NORMAL_TX,990011223,ON CPU,ON CPU,CPU,97
2026-07-15T09:51,T3,1,PERFLAB,PERFLAB_SVC,0th3rn015e001,555000111222,NORMAL_ORDER_API,ORDER_API,NORMAL_TX,990011223,WAITING,db file sequential read,User I/O,155
2026-07-15T09:52,T3,1,PERFLAB,PERFLAB_SVC,9u1m3rg3a0b1x,918273645001,SETTLEMENT_MERGE,SETTLEMENT,MERGE_BATCH,4289017712,ON CPU,ON CPU,CPU,210
2026-07-15T09:52,T3,1,PERFLAB,PERFLAB_SVC,9u1m3rg3a0b1x,918273645001,SETTLEMENT_MERGE,SETTLEMENT,MERGE_BATCH,4289017712,WAITING,direct path read temp,User I/O,333
2026-07-15T09:52,T3,1,PERFLAB,PERFLAB_SVC,1it3ra1000001,771122330099,LITERAL_LOOKUP_T01,SETTLEMENT,LOOKUP_LITERAL,1765432109,ON CPU,ON CPU,CPU,20
2026-07-15T09:52,T3,1,PERFLAB,PERFLAB_SVC,1it3ra1000001,771122330099,LITERAL_LOOKUP_T01,SETTLEMENT,LOOKUP_LITERAL,1765432109,WAITING,library cache: mutex X,Concurrency,31
2026-07-15T09:52,T3,1,PERFLAB,PERFLAB_SVC,1it3ra1000002,771122330099,LITERAL_LOOKUP_T02,SETTLEMENT,LOOKUP_LITERAL,1765432109,ON CPU,ON CPU,CPU,19
2026-07-15T09:52,T3,1,PERFLAB,PERFLAB_SVC,1it3ra1000002,771122330099,LITERAL_LOOKUP_T02,SETTLEMENT,LOOKUP_LITERAL,1765432109,WAITING,library cache: mutex X,Concurrency,30
2026-07-15T09:52,T3,1,PERFLAB,PERFLAB_SVC,1it3ra1000003,771122330099,LITERAL_LOOKUP_T03,SETTLEMENT,LOOKUP_LITERAL,1765432109,ON CPU,ON CPU,CPU,19
2026-07-15T09:52,T3,1,PERFLAB,PERFLAB_SVC,1it3ra1000003,771122330099,LITERAL_LOOKUP_T03,SETTLEMENT,LOOKUP_LITERAL,1765432109,WAITING,library cache: mutex X,Concurrency,30
2026-07-15T09:52,T3,1,PERFLAB,PERFLAB_SVC,0th3rn015e001,555000111222,NORMAL_ORDER_API,ORDER_API,NORMAL_TX,990011223,ON CPU,ON CPU,CPU,95
2026-07-15T09:52,T3,1,PERFLAB,PERFLAB_SVC,0th3rn015e001,555000111222,NORMAL_ORDER_API,ORDER_API,NORMAL_TX,990011223,WAITING,db file sequential read,User I/O,150
2026-07-15T09:53,T3,1,PERFLAB,PERFLAB_SVC,9u1m3rg3a0b1x,918273645001,SETTLEMENT_MERGE,SETTLEMENT,MERGE_BATCH,4289017712,ON CPU,ON CPU,CPU,215
2026-07-15T09:53,T3,1,PERFLAB,PERFLAB_SVC,9u1m3rg3a0b1x,918273645001,SETTLEMENT_MERGE,SETTLEMENT,MERGE_BATCH,4289017712,WAITING,direct path read temp,User I/O,339
2026-07-15T09:53,T3,1,PERFLAB,PERFLAB_SVC,1it3ra1000001,771122330099,LITERAL_LOOKUP_T01,SETTLEMENT,LOOKUP_LITERAL,1765432109,ON CPU,ON CPU,CPU,20
2026-07-15T09:53,T3,1,PERFLAB,PERFLAB_SVC,1it3ra1000001,771122330099,LITERAL_LOOKUP_T01,SETTLEMENT,LOOKUP_LITERAL,1765432109,WAITING,library cache: mutex X,Concurrency,32
2026-07-15T09:53,T3,1,PERFLAB,PERFLAB_SVC,1it3ra1000002,771122330099,LITERAL_LOOKUP_T02,SETTLEMENT,LOOKUP_LITERAL,1765432109,ON CPU,ON CPU,CPU,19
2026-07-15T09:53,T3,1,PERFLAB,PERFLAB_SVC,1it3ra1000002,771122330099,LITERAL_LOOKUP_T02,SETTLEMENT,LOOKUP_LITERAL,1765432109,WAITING,library cache: mutex X,Concurrency,31
2026-07-15T09:53,T3,1,PERFLAB,PERFLAB_SVC,1it3ra1000003,771122330099,LITERAL_LOOKUP_T03,SETTLEMENT,LOOKUP_LITERAL,1765432109,ON CPU,ON CPU,CPU,19
2026-07-15T09:53,T3,1,PERFLAB,PERFLAB_SVC,1it3ra1000003,771122330099,LITERAL_LOOKUP_T03,SETTLEMENT,LOOKUP_LITERAL,1765432109,WAITING,library cache: mutex X,Concurrency,31
2026-07-15T09:53,T3,1,PERFLAB,PERFLAB_SVC,0th3rn015e001,555000111222,NORMAL_ORDER_API,ORDER_API,NORMAL_TX,990011223,ON CPU,ON CPU,CPU,98
2026-07-15T09:53,T3,1,PERFLAB,PERFLAB_SVC,0th3rn015e001,555000111222,NORMAL_ORDER_API,ORDER_API,NORMAL_TX,990011223,WAITING,db file sequential read,User I/O,152
2026-07-15T09:54,T3,1,PERFLAB,PERFLAB_SVC,9u1m3rg3a0b1x,918273645001,SETTLEMENT_MERGE,SETTLEMENT,MERGE_BATCH,4289017712,ON CPU,ON CPU,CPU,221
2026-07-15T09:54,T3,1,PERFLAB,PERFLAB_SVC,9u1m3rg3a0b1x,918273645001,SETTLEMENT_MERGE,SETTLEMENT,MERGE_BATCH,4289017712,WAITING,direct path read temp,User I/O,350
2026-07-15T09:54,T3,1,PERFLAB,PERFLAB_SVC,1it3ra1000001,771122330099,LITERAL_LOOKUP_T01,SETTLEMENT,LOOKUP_LITERAL,1765432109,ON CPU,ON CPU,CPU,21
2026-07-15T09:54,T3,1,PERFLAB,PERFLAB_SVC,1it3ra1000001,771122330099,LITERAL_LOOKUP_T01,SETTLEMENT,LOOKUP_LITERAL,1765432109,WAITING,library cache: mutex X,Concurrency,33
2026-07-15T09:54,T3,1,PERFLAB,PERFLAB_SVC,1it3ra1000002,771122330099,LITERAL_LOOKUP_T02,SETTLEMENT,LOOKUP_LITERAL,1765432109,ON CPU,ON CPU,CPU,20
2026-07-15T09:54,T3,1,PERFLAB,PERFLAB_SVC,1it3ra1000002,771122330099,LITERAL_LOOKUP_T02,SETTLEMENT,LOOKUP_LITERAL,1765432109,WAITING,library cache: mutex X,Concurrency,32
2026-07-15T09:54,T3,1,PERFLAB,PERFLAB_SVC,1it3ra1000003,771122330099,LITERAL_LOOKUP_T03,SETTLEMENT,LOOKUP_LITERAL,1765432109,ON CPU,ON CPU,CPU,20
2026-07-15T09:54,T3,1,PERFLAB,PERFLAB_SVC,1it3ra1000003,771122330099,LITERAL_LOOKUP_T03,SETTLEMENT,LOOKUP_LITERAL,1765432109,WAITING,library cache: mutex X,Concurrency,32
2026-07-15T09:54,T3,1,PERFLAB,PERFLAB_SVC,0th3rn015e001,555000111222,NORMAL_ORDER_API,ORDER_API,NORMAL_TX,990011223,ON CPU,ON CPU,CPU,99
2026-07-15T09:54,T3,1,PERFLAB,PERFLAB_SVC,0th3rn015e001,555000111222,NORMAL_ORDER_API,ORDER_API,NORMAL_TX,990011223,WAITING,db file sequential read,User I/O,156
2026-07-15T09:55,T4,1,PERFLAB,PERFLAB_SVC,9u1m3rg3a0b1x,918273645001,SETTLEMENT_MERGE,SETTLEMENT,MERGE_BATCH,4289017712,ON CPU,ON CPU,CPU,239
2026-07-15T09:55,T4,1,PERFLAB,PERFLAB_SVC,9u1m3rg3a0b1x,918273645001,SETTLEMENT_MERGE,SETTLEMENT,MERGE_BATCH,4289017712,WAITING,log file sync,Commit,438
2026-07-15T09:55,T4,1,PERFLAB,PERFLAB_SVC,1it3ra1000001,771122330099,LITERAL_LOOKUP_T01,SETTLEMENT,LOOKUP_LITERAL,1765432109,ON CPU,ON CPU,CPU,23
2026-07-15T09:55,T4,1,PERFLAB,PERFLAB_SVC,1it3ra1000001,771122330099,LITERAL_LOOKUP_T01,SETTLEMENT,LOOKUP_LITERAL,1765432109,WAITING,library cache: mutex X,Concurrency,41
2026-07-15T09:55,T4,1,PERFLAB,PERFLAB_SVC,1it3ra1000002,771122330099,LITERAL_LOOKUP_T02,SETTLEMENT,LOOKUP_LITERAL,1765432109,ON CPU,ON CPU,CPU,22
2026-07-15T09:55,T4,1,PERFLAB,PERFLAB_SVC,1it3ra1000002,771122330099,LITERAL_LOOKUP_T02,SETTLEMENT,LOOKUP_LITERAL,1765432109,WAITING,library cache: mutex X,Concurrency,40
2026-07-15T09:55,T4,1,PERFLAB,PERFLAB_SVC,1it3ra1000003,771122330099,LITERAL_LOOKUP_T03,SETTLEMENT,LOOKUP_LITERAL,1765432109,ON CPU,ON CPU,CPU,22
2026-07-15T09:55,T4,1,PERFLAB,PERFLAB_SVC,1it3ra1000003,771122330099,LITERAL_LOOKUP_T03,SETTLEMENT,LOOKUP_LITERAL,1765432109,WAITING,library cache: mutex X,Concurrency,40
2026-07-15T09:55,T4,1,PERFLAB,PERFLAB_SVC,0th3rn015e001,555000111222,NORMAL_ORDER_API,ORDER_API,NORMAL_TX,990011223,ON CPU,ON CPU,CPU,106
2026-07-15T09:55,T4,1,PERFLAB,PERFLAB_SVC,0th3rn015e001,555000111222,NORMAL_ORDER_API,ORDER_API,NORMAL_TX,990011223,WAITING,db file sequential read,User I/O,197
2026-07-15T09:56,T4,1,PERFLAB,PERFLAB_SVC,9u1m3rg3a0b1x,918273645001,SETTLEMENT_MERGE,SETTLEMENT,MERGE_BATCH,4289017712,ON CPU,ON CPU,CPU,232
2026-07-15T09:56,T4,1,PERFLAB,PERFLAB_SVC,9u1m3rg3a0b1x,918273645001,SETTLEMENT_MERGE,SETTLEMENT,MERGE_BATCH,4289017712,WAITING,log file sync,Commit,425
2026-07-15T09:56,T4,1,PERFLAB,PERFLAB_SVC,1it3ra1000001,771122330099,LITERAL_LOOKUP_T01,SETTLEMENT,LOOKUP_LITERAL,1765432109,ON CPU,ON CPU,CPU,22
2026-07-15T09:56,T4,1,PERFLAB,PERFLAB_SVC,1it3ra1000001,771122330099,LITERAL_LOOKUP_T01,SETTLEMENT,LOOKUP_LITERAL,1765432109,WAITING,library cache: mutex X,Concurrency,40
2026-07-15T09:56,T4,1,PERFLAB,PERFLAB_SVC,1it3ra1000002,771122330099,LITERAL_LOOKUP_T02,SETTLEMENT,LOOKUP_LITERAL,1765432109,ON CPU,ON CPU,CPU,21
2026-07-15T09:56,T4,1,PERFLAB,PERFLAB_SVC,1it3ra1000002,771122330099,LITERAL_LOOKUP_T02,SETTLEMENT,LOOKUP_LITERAL,1765432109,WAITING,library cache: mutex X,Concurrency,39
2026-07-15T09:56,T4,1,PERFLAB,PERFLAB_SVC,1it3ra1000003,771122330099,LITERAL_LOOKUP_T03,SETTLEMENT,LOOKUP_LITERAL,1765432109,ON CPU,ON CPU,CPU,21
2026-07-15T09:56,T4,1,PERFLAB,PERFLAB_SVC,1it3ra1000003,771122330099,LITERAL_LOOKUP_T03,SETTLEMENT,LOOKUP_LITERAL,1765432109,WAITING,library cache: mutex X,Concurrency,39
2026-07-15T09:56,T4,1,PERFLAB,PERFLAB_SVC,0th3rn015e001,555000111222,NORMAL_ORDER_API,ORDER_API,NORMAL_TX,990011223,ON CPU,ON CPU,CPU,104
2026-07-15T09:56,T4,1,PERFLAB,PERFLAB_SVC,0th3rn015e001,555000111222,NORMAL_ORDER_API,ORDER_API,NORMAL_TX,990011223,WAITING,db file sequential read,User I/O,190
2026-07-15T09:57,T4,1,PERFLAB,PERFLAB_SVC,9u1m3rg3a0b1x,918273645001,SETTLEMENT_MERGE,SETTLEMENT,MERGE_BATCH,4289017712,ON CPU,ON CPU,CPU,227
2026-07-15T09:57,T4,1,PERFLAB,PERFLAB_SVC,9u1m3rg3a0b1x,918273645001,SETTLEMENT_MERGE,SETTLEMENT,MERGE_BATCH,4289017712,WAITING,log file sync,Commit,419
2026-07-15T09:57,T4,1,PERFLAB,PERFLAB_SVC,1it3ra1000001,771122330099,LITERAL_LOOKUP_T01,SETTLEMENT,LOOKUP_LITERAL,1765432109,ON CPU,ON CPU,CPU,21
2026-07-15T09:57,T4,1,PERFLAB,PERFLAB_SVC,1it3ra1000001,771122330099,LITERAL_LOOKUP_T01,SETTLEMENT,LOOKUP_LITERAL,1765432109,WAITING,library cache: mutex X,Concurrency,40
2026-07-15T09:57,T4,1,PERFLAB,PERFLAB_SVC,1it3ra1000002,771122330099,LITERAL_LOOKUP_T02,SETTLEMENT,LOOKUP_LITERAL,1765432109,ON CPU,ON CPU,CPU,21
2026-07-15T09:57,T4,1,PERFLAB,PERFLAB_SVC,1it3ra1000002,771122330099,LITERAL_LOOKUP_T02,SETTLEMENT,LOOKUP_LITERAL,1765432109,WAITING,library cache: mutex X,Concurrency,38
2026-07-15T09:57,T4,1,PERFLAB,PERFLAB_SVC,1it3ra1000003,771122330099,LITERAL_LOOKUP_T03,SETTLEMENT,LOOKUP_LITERAL,1765432109,ON CPU,ON CPU,CPU,21
2026-07-15T09:57,T4,1,PERFLAB,PERFLAB_SVC,1it3ra1000003,771122330099,LITERAL_LOOKUP_T03,SETTLEMENT,LOOKUP_LITERAL,1765432109,WAITING,library cache: mutex X,Concurrency,38
2026-07-15T09:57,T4,1,PERFLAB,PERFLAB_SVC,0th3rn015e001,555000111222,NORMAL_ORDER_API,ORDER_API,NORMAL_TX,990011223,ON CPU,ON CPU,CPU,102
2026-07-15T09:57,T4,1,PERFLAB,PERFLAB_SVC,0th3rn015e001,555000111222,NORMAL_ORDER_API,ORDER_API,NORMAL_TX,990011223,WAITING,db file sequential read,User I/O,187
2026-07-15T09:58,T4,1,PERFLAB,PERFLAB_SVC,9u1m3rg3a0b1x,918273645001,SETTLEMENT_MERGE,SETTLEMENT,MERGE_BATCH,4289017712,ON CPU,ON CPU,CPU,236
2026-07-15T09:58,T4,1,PERFLAB,PERFLAB_SVC,9u1m3rg3a0b1x,918273645001,SETTLEMENT_MERGE,SETTLEMENT,MERGE_BATCH,4289017712,WAITING,log file sync,Commit,433
2026-07-15T09:58,T4,1,PERFLAB,PERFLAB_SVC,1it3ra1000001,771122330099,LITERAL_LOOKUP_T01,SETTLEMENT,LOOKUP_LITERAL,1765432109,ON CPU,ON CPU,CPU,22
2026-07-15T09:58,T4,1,PERFLAB,PERFLAB_SVC,1it3ra1000001,771122330099,LITERAL_LOOKUP_T01,SETTLEMENT,LOOKUP_LITERAL,1765432109,WAITING,library cache: mutex X,Concurrency,41
2026-07-15T09:58,T4,1,PERFLAB,PERFLAB_SVC,1it3ra1000002,771122330099,LITERAL_LOOKUP_T02,SETTLEMENT,LOOKUP_LITERAL,1765432109,ON CPU,ON CPU,CPU,22
2026-07-15T09:58,T4,1,PERFLAB,PERFLAB_SVC,1it3ra1000002,771122330099,LITERAL_LOOKUP_T02,SETTLEMENT,LOOKUP_LITERAL,1765432109,WAITING,library cache: mutex X,Concurrency,39
2026-07-15T09:58,T4,1,PERFLAB,PERFLAB_SVC,1it3ra1000003,771122330099,LITERAL_LOOKUP_T03,SETTLEMENT,LOOKUP_LITERAL,1765432109,ON CPU,ON CPU,CPU,22
2026-07-15T09:58,T4,1,PERFLAB,PERFLAB_SVC,1it3ra1000003,771122330099,LITERAL_LOOKUP_T03,SETTLEMENT,LOOKUP_LITERAL,1765432109,WAITING,library cache: mutex X,Concurrency,39
2026-07-15T09:58,T4,1,PERFLAB,PERFLAB_SVC,0th3rn015e001,555000111222,NORMAL_ORDER_API,ORDER_API,NORMAL_TX,990011223,ON CPU,ON CPU,CPU,105
2026-07-15T09:58,T4,1,PERFLAB,PERFLAB_SVC,0th3rn015e001,555000111222,NORMAL_ORDER_API,ORDER_API,NORMAL_TX,990011223,WAITING,db file sequential read,User I/O,195
2026-07-15T09:59,T4,1,PERFLAB,PERFLAB_SVC,9u1m3rg3a0b1x,918273645001,SETTLEMENT_MERGE,SETTLEMENT,MERGE_BATCH,4289017712,ON CPU,ON CPU,CPU,238
2026-07-15T09:59,T4,1,PERFLAB,PERFLAB_SVC,9u1m3rg3a0b1x,918273645001,SETTLEMENT_MERGE,SETTLEMENT,MERGE_BATCH,4289017712,WAITING,log file sync,Commit,437
2026-07-15T09:59,T4,1,PERFLAB,PERFLAB_SVC,1it3ra1000001,771122330099,LITERAL_LOOKUP_T01,SETTLEMENT,LOOKUP_LITERAL,1765432109,ON CPU,ON CPU,CPU,22
2026-07-15T09:59,T4,1,PERFLAB,PERFLAB_SVC,1it3ra1000001,771122330099,LITERAL_LOOKUP_T01,SETTLEMENT,LOOKUP_LITERAL,1765432109,WAITING,library cache: mutex X,Concurrency,41
2026-07-15T09:59,T4,1,PERFLAB,PERFLAB_SVC,1it3ra1000002,771122330099,LITERAL_LOOKUP_T02,SETTLEMENT,LOOKUP_LITERAL,1765432109,ON CPU,ON CPU,CPU,22
2026-07-15T09:59,T4,1,PERFLAB,PERFLAB_SVC,1it3ra1000002,771122330099,LITERAL_LOOKUP_T02,SETTLEMENT,LOOKUP_LITERAL,1765432109,WAITING,library cache: mutex X,Concurrency,39
2026-07-15T09:59,T4,1,PERFLAB,PERFLAB_SVC,1it3ra1000003,771122330099,LITERAL_LOOKUP_T03,SETTLEMENT,LOOKUP_LITERAL,1765432109,ON CPU,ON CPU,CPU,22
2026-07-15T09:59,T4,1,PERFLAB,PERFLAB_SVC,1it3ra1000003,771122330099,LITERAL_LOOKUP_T03,SETTLEMENT,LOOKUP_LITERAL,1765432109,WAITING,library cache: mutex X,Concurrency,39
2026-07-15T09:59,T4,1,PERFLAB,PERFLAB_SVC,0th3rn015e001,555000111222,NORMAL_ORDER_API,ORDER_API,NORMAL_TX,990011223,ON CPU,ON CPU,CPU,106
2026-07-15T09:59,T4,1,PERFLAB,PERFLAB_SVC,0th3rn015e001,555000111222,NORMAL_ORDER_API,ORDER_API,NORMAL_TX,990011223,WAITING,db file sequential read,User I/O,197
2026-07-15T10:00,T4,1,PERFLAB,PERFLAB_SVC,9u1m3rg3a0b1x,918273645001,SETTLEMENT_MERGE,SETTLEMENT,MERGE_BATCH,4289017712,ON CPU,ON CPU,CPU,229
2026-07-15T10:00,T4,1,PERFLAB,PERFLAB_SVC,9u1m3rg3a0b1x,918273645001,SETTLEMENT_MERGE,SETTLEMENT,MERGE_BATCH,4289017712,WAITING,log file sync,Commit,421
2026-07-15T10:00,T4,1,PERFLAB,PERFLAB_SVC,1it3ra1000001,771122330099,LITERAL_LOOKUP_T01,SETTLEMENT,LOOKUP_LITERAL,1765432109,ON CPU,ON CPU,CPU,22
2026-07-15T10:00,T4,1,PERFLAB,PERFLAB_SVC,1it3ra1000001,771122330099,LITERAL_LOOKUP_T01,SETTLEMENT,LOOKUP_LITERAL,1765432109,WAITING,library cache: mutex X,Concurrency,39
2026-07-15T10:00,T4,1,PERFLAB,PERFLAB_SVC,1it3ra1000002,771122330099,LITERAL_LOOKUP_T02,SETTLEMENT,LOOKUP_LITERAL,1765432109,ON CPU,ON CPU,CPU,21
2026-07-15T10:00,T4,1,PERFLAB,PERFLAB_SVC,1it3ra1000002,771122330099,LITERAL_LOOKUP_T02,SETTLEMENT,LOOKUP_LITERAL,1765432109,WAITING,library cache: mutex X,Concurrency,38
2026-07-15T10:00,T4,1,PERFLAB,PERFLAB_SVC,1it3ra1000003,771122330099,LITERAL_LOOKUP_T03,SETTLEMENT,LOOKUP_LITERAL,1765432109,ON CPU,ON CPU,CPU,21
2026-07-15T10:00,T4,1,PERFLAB,PERFLAB_SVC,1it3ra1000003,771122330099,LITERAL_LOOKUP_T03,SETTLEMENT,LOOKUP_LITERAL,1765432109,WAITING,library cache: mutex X,Concurrency,38
2026-07-15T10:00,T4,1,PERFLAB,PERFLAB_SVC,0th3rn015e001,555000111222,NORMAL_ORDER_API,ORDER_API,NORMAL_TX,990011223,ON CPU,ON CPU,CPU,102
2026-07-15T10:00,T4,1,PERFLAB,PERFLAB_SVC,0th3rn015e001,555000111222,NORMAL_ORDER_API,ORDER_API,NORMAL_TX,990011223,WAITING,db file sequential read,User I/O,189
2026-07-15T10:01,T4,1,PERFLAB,PERFLAB_SVC,9u1m3rg3a0b1x,918273645001,SETTLEMENT_MERGE,SETTLEMENT,MERGE_BATCH,4289017712,ON CPU,ON CPU,CPU,230
2026-07-15T10:01,T4,1,PERFLAB,PERFLAB_SVC,9u1m3rg3a0b1x,918273645001,SETTLEMENT_MERGE,SETTLEMENT,MERGE_BATCH,4289017712,WAITING,log file sync,Commit,421
2026-07-15T10:01,T4,1,PERFLAB,PERFLAB_SVC,1it3ra1000001,771122330099,LITERAL_LOOKUP_T01,SETTLEMENT,LOOKUP_LITERAL,1765432109,ON CPU,ON CPU,CPU,22
2026-07-15T10:01,T4,1,PERFLAB,PERFLAB_SVC,1it3ra1000001,771122330099,LITERAL_LOOKUP_T01,SETTLEMENT,LOOKUP_LITERAL,1765432109,WAITING,library cache: mutex X,Concurrency,39
2026-07-15T10:01,T4,1,PERFLAB,PERFLAB_SVC,1it3ra1000002,771122330099,LITERAL_LOOKUP_T02,SETTLEMENT,LOOKUP_LITERAL,1765432109,ON CPU,ON CPU,CPU,21
2026-07-15T10:01,T4,1,PERFLAB,PERFLAB_SVC,1it3ra1000002,771122330099,LITERAL_LOOKUP_T02,SETTLEMENT,LOOKUP_LITERAL,1765432109,WAITING,library cache: mutex X,Concurrency,38
2026-07-15T10:01,T4,1,PERFLAB,PERFLAB_SVC,1it3ra1000003,771122330099,LITERAL_LOOKUP_T03,SETTLEMENT,LOOKUP_LITERAL,1765432109,ON CPU,ON CPU,CPU,21
2026-07-15T10:01,T4,1,PERFLAB,PERFLAB_SVC,1it3ra1000003,771122330099,LITERAL_LOOKUP_T03,SETTLEMENT,LOOKUP_LITERAL,1765432109,WAITING,library cache: mutex X,Concurrency,38
2026-07-15T10:01,T4,1,PERFLAB,PERFLAB_SVC,0th3rn015e001,555000111222,NORMAL_ORDER_API,ORDER_API,NORMAL_TX,990011223,ON CPU,ON CPU,CPU,102
2026-07-15T10:01,T4,1,PERFLAB,PERFLAB_SVC,0th3rn015e001,555000111222,NORMAL_ORDER_API,ORDER_API,NORMAL_TX,990011223,WAITING,db file sequential read,User I/O,191
2026-07-15T10:02,T4,1,PERFLAB,PERFLAB_SVC,9u1m3rg3a0b1x,918273645001,SETTLEMENT_MERGE,SETTLEMENT,MERGE_BATCH,4289017712,ON CPU,ON CPU,CPU,238
2026-07-15T10:02,T4,1,PERFLAB,PERFLAB_SVC,9u1m3rg3a0b1x,918273645001,SETTLEMENT_MERGE,SETTLEMENT,MERGE_BATCH,4289017712,WAITING,log file sync,Commit,438
2026-07-15T10:02,T4,1,PERFLAB,PERFLAB_SVC,1it3ra1000001,771122330099,LITERAL_LOOKUP_T01,SETTLEMENT,LOOKUP_LITERAL,1765432109,ON CPU,ON CPU,CPU,22
2026-07-15T10:02,T4,1,PERFLAB,PERFLAB_SVC,1it3ra1000001,771122330099,LITERAL_LOOKUP_T01,SETTLEMENT,LOOKUP_LITERAL,1765432109,WAITING,library cache: mutex X,Concurrency,41
2026-07-15T10:02,T4,1,PERFLAB,PERFLAB_SVC,1it3ra1000002,771122330099,LITERAL_LOOKUP_T02,SETTLEMENT,LOOKUP_LITERAL,1765432109,ON CPU,ON CPU,CPU,22
2026-07-15T10:02,T4,1,PERFLAB,PERFLAB_SVC,1it3ra1000002,771122330099,LITERAL_LOOKUP_T02,SETTLEMENT,LOOKUP_LITERAL,1765432109,WAITING,library cache: mutex X,Concurrency,40
2026-07-15T10:02,T4,1,PERFLAB,PERFLAB_SVC,1it3ra1000003,771122330099,LITERAL_LOOKUP_T03,SETTLEMENT,LOOKUP_LITERAL,1765432109,ON CPU,ON CPU,CPU,22
2026-07-15T10:02,T4,1,PERFLAB,PERFLAB_SVC,1it3ra1000003,771122330099,LITERAL_LOOKUP_T03,SETTLEMENT,LOOKUP_LITERAL,1765432109,WAITING,library cache: mutex X,Concurrency,40
2026-07-15T10:02,T4,1,PERFLAB,PERFLAB_SVC,0th3rn015e001,555000111222,NORMAL_ORDER_API,ORDER_API,NORMAL_TX,990011223,ON CPU,ON CPU,CPU,106
2026-07-15T10:02,T4,1,PERFLAB,PERFLAB_SVC,0th3rn015e001,555000111222,NORMAL_ORDER_API,ORDER_API,NORMAL_TX,990011223,WAITING,db file sequential read,User I/O,196
2026-07-15T10:03,T4,1,PERFLAB,PERFLAB_SVC,9u1m3rg3a0b1x,918273645001,SETTLEMENT_MERGE,SETTLEMENT,MERGE_BATCH,4289017712,ON CPU,ON CPU,CPU,236
2026-07-15T10:03,T4,1,PERFLAB,PERFLAB_SVC,9u1m3rg3a0b1x,918273645001,SETTLEMENT_MERGE,SETTLEMENT,MERGE_BATCH,4289017712,WAITING,log file sync,Commit,432
2026-07-15T10:03,T4,1,PERFLAB,PERFLAB_SVC,1it3ra1000001,771122330099,LITERAL_LOOKUP_T01,SETTLEMENT,LOOKUP_LITERAL,1765432109,ON CPU,ON CPU,CPU,22
2026-07-15T10:03,T4,1,PERFLAB,PERFLAB_SVC,1it3ra1000001,771122330099,LITERAL_LOOKUP_T01,SETTLEMENT,LOOKUP_LITERAL,1765432109,WAITING,library cache: mutex X,Concurrency,41
2026-07-15T10:03,T4,1,PERFLAB,PERFLAB_SVC,1it3ra1000002,771122330099,LITERAL_LOOKUP_T02,SETTLEMENT,LOOKUP_LITERAL,1765432109,ON CPU,ON CPU,CPU,22
2026-07-15T10:03,T4,1,PERFLAB,PERFLAB_SVC,1it3ra1000002,771122330099,LITERAL_LOOKUP_T02,SETTLEMENT,LOOKUP_LITERAL,1765432109,WAITING,library cache: mutex X,Concurrency,39
2026-07-15T10:03,T4,1,PERFLAB,PERFLAB_SVC,1it3ra1000003,771122330099,LITERAL_LOOKUP_T03,SETTLEMENT,LOOKUP_LITERAL,1765432109,ON CPU,ON CPU,CPU,22
2026-07-15T10:03,T4,1,PERFLAB,PERFLAB_SVC,1it3ra1000003,771122330099,LITERAL_LOOKUP_T03,SETTLEMENT,LOOKUP_LITERAL,1765432109,WAITING,library cache: mutex X,Concurrency,39
2026-07-15T10:03,T4,1,PERFLAB,PERFLAB_SVC,0th3rn015e001,555000111222,NORMAL_ORDER_API,ORDER_API,NORMAL_TX,990011223,ON CPU,ON CPU,CPU,104
2026-07-15T10:03,T4,1,PERFLAB,PERFLAB_SVC,0th3rn015e001,555000111222,NORMAL_ORDER_API,ORDER_API,NORMAL_TX,990011223,WAITING,db file sequential read,User I/O,194
2026-07-15T10:04,T4,1,PERFLAB,PERFLAB_SVC,9u1m3rg3a0b1x,918273645001,SETTLEMENT_MERGE,SETTLEMENT,MERGE_BATCH,4289017712,ON CPU,ON CPU,CPU,227
2026-07-15T10:04,T4,1,PERFLAB,PERFLAB_SVC,9u1m3rg3a0b1x,918273645001,SETTLEMENT_MERGE,SETTLEMENT,MERGE_BATCH,4289017712,WAITING,log file sync,Commit,418
2026-07-15T10:04,T4,1,PERFLAB,PERFLAB_SVC,1it3ra1000001,771122330099,LITERAL_LOOKUP_T01,SETTLEMENT,LOOKUP_LITERAL,1765432109,ON CPU,ON CPU,CPU,21
2026-07-15T10:04,T4,1,PERFLAB,PERFLAB_SVC,1it3ra1000001,771122330099,LITERAL_LOOKUP_T01,SETTLEMENT,LOOKUP_LITERAL,1765432109,WAITING,library cache: mutex X,Concurrency,39
2026-07-15T10:04,T4,1,PERFLAB,PERFLAB_SVC,1it3ra1000002,771122330099,LITERAL_LOOKUP_T02,SETTLEMENT,LOOKUP_LITERAL,1765432109,ON CPU,ON CPU,CPU,21
2026-07-15T10:04,T4,1,PERFLAB,PERFLAB_SVC,1it3ra1000002,771122330099,LITERAL_LOOKUP_T02,SETTLEMENT,LOOKUP_LITERAL,1765432109,WAITING,library cache: mutex X,Concurrency,38
2026-07-15T10:04,T4,1,PERFLAB,PERFLAB_SVC,1it3ra1000003,771122330099,LITERAL_LOOKUP_T03,SETTLEMENT,LOOKUP_LITERAL,1765432109,ON CPU,ON CPU,CPU,21
2026-07-15T10:04,T4,1,PERFLAB,PERFLAB_SVC,1it3ra1000003,771122330099,LITERAL_LOOKUP_T03,SETTLEMENT,LOOKUP_LITERAL,1765432109,WAITING,library cache: mutex X,Concurrency,38
2026-07-15T10:04,T4,1,PERFLAB,PERFLAB_SVC,0th3rn015e001,555000111222,NORMAL_ORDER_API,ORDER_API,NORMAL_TX,990011223,ON CPU,ON CPU,CPU,102
2026-07-15T10:04,T4,1,PERFLAB,PERFLAB_SVC,0th3rn015e001,555000111222,NORMAL_ORDER_API,ORDER_API,NORMAL_TX,990011223,WAITING,db file sequential read,User I/O,187
2026-07-15T10:05,T4,1,PERFLAB,PERFLAB_SVC,9u1m3rg3a0b1x,918273645001,SETTLEMENT_MERGE,SETTLEMENT,MERGE_BATCH,4289017712,ON CPU,ON CPU,CPU,233
2026-07-15T10:05,T4,1,PERFLAB,PERFLAB_SVC,9u1m3rg3a0b1x,918273645001,SETTLEMENT_MERGE,SETTLEMENT,MERGE_BATCH,4289017712,WAITING,log file sync,Commit,426
2026-07-15T10:05,T4,1,PERFLAB,PERFLAB_SVC,1it3ra1000001,771122330099,LITERAL_LOOKUP_T01,SETTLEMENT,LOOKUP_LITERAL,1765432109,ON CPU,ON CPU,CPU,22
2026-07-15T10:05,T4,1,PERFLAB,PERFLAB_SVC,1it3ra1000001,771122330099,LITERAL_LOOKUP_T01,SETTLEMENT,LOOKUP_LITERAL,1765432109,WAITING,library cache: mutex X,Concurrency,40
2026-07-15T10:05,T4,1,PERFLAB,PERFLAB_SVC,1it3ra1000002,771122330099,LITERAL_LOOKUP_T02,SETTLEMENT,LOOKUP_LITERAL,1765432109,ON CPU,ON CPU,CPU,21
2026-07-15T10:05,T4,1,PERFLAB,PERFLAB_SVC,1it3ra1000002,771122330099,LITERAL_LOOKUP_T02,SETTLEMENT,LOOKUP_LITERAL,1765432109,WAITING,library cache: mutex X,Concurrency,39
2026-07-15T10:05,T4,1,PERFLAB,PERFLAB_SVC,1it3ra1000003,771122330099,LITERAL_LOOKUP_T03,SETTLEMENT,LOOKUP_LITERAL,1765432109,ON CPU,ON CPU,CPU,21
2026-07-15T10:05,T4,1,PERFLAB,PERFLAB_SVC,1it3ra1000003,771122330099,LITERAL_LOOKUP_T03,SETTLEMENT,LOOKUP_LITERAL,1765432109,WAITING,library cache: mutex X,Concurrency,39
2026-07-15T10:05,T4,1,PERFLAB,PERFLAB_SVC,0th3rn015e001,555000111222,NORMAL_ORDER_API,ORDER_API,NORMAL_TX,990011223,ON CPU,ON CPU,CPU,104
2026-07-15T10:05,T4,1,PERFLAB,PERFLAB_SVC,0th3rn015e001,555000111222,NORMAL_ORDER_API,ORDER_API,NORMAL_TX,990011223,WAITING,db file sequential read,User I/O,191
2026-07-15T10:06,T4,1,PERFLAB,PERFLAB_SVC,9u1m3rg3a0b1x,918273645001,SETTLEMENT_MERGE,SETTLEMENT,MERGE_BATCH,4289017712,ON CPU,ON CPU,CPU,239
2026-07-15T10:06,T4,1,PERFLAB,PERFLAB_SVC,9u1m3rg3a0b1x,918273645001,SETTLEMENT_MERGE,SETTLEMENT,MERGE_BATCH,4289017712,WAITING,log file sync,Commit,438
2026-07-15T10:06,T4,1,PERFLAB,PERFLAB_SVC,1it3ra1000001,771122330099,LITERAL_LOOKUP_T01,SETTLEMENT,LOOKUP_LITERAL,1765432109,ON CPU,ON CPU,CPU,23
2026-07-15T10:06,T4,1,PERFLAB,PERFLAB_SVC,1it3ra1000001,771122330099,LITERAL_LOOKUP_T01,SETTLEMENT,LOOKUP_LITERAL,1765432109,WAITING,library cache: mutex X,Concurrency,41
2026-07-15T10:06,T4,1,PERFLAB,PERFLAB_SVC,1it3ra1000002,771122330099,LITERAL_LOOKUP_T02,SETTLEMENT,LOOKUP_LITERAL,1765432109,ON CPU,ON CPU,CPU,22
2026-07-15T10:06,T4,1,PERFLAB,PERFLAB_SVC,1it3ra1000002,771122330099,LITERAL_LOOKUP_T02,SETTLEMENT,LOOKUP_LITERAL,1765432109,WAITING,library cache: mutex X,Concurrency,40
2026-07-15T10:06,T4,1,PERFLAB,PERFLAB_SVC,1it3ra1000003,771122330099,LITERAL_LOOKUP_T03,SETTLEMENT,LOOKUP_LITERAL,1765432109,ON CPU,ON CPU,CPU,22
2026-07-15T10:06,T4,1,PERFLAB,PERFLAB_SVC,1it3ra1000003,771122330099,LITERAL_LOOKUP_T03,SETTLEMENT,LOOKUP_LITERAL,1765432109,WAITING,library cache: mutex X,Concurrency,40
2026-07-15T10:06,T4,1,PERFLAB,PERFLAB_SVC,0th3rn015e001,555000111222,NORMAL_ORDER_API,ORDER_API,NORMAL_TX,990011223,ON CPU,ON CPU,CPU,106
2026-07-15T10:06,T4,1,PERFLAB,PERFLAB_SVC,0th3rn015e001,555000111222,NORMAL_ORDER_API,ORDER_API,NORMAL_TX,990011223,WAITING,db file sequential read,User I/O,197
2026-07-15T10:07,T4,1,PERFLAB,PERFLAB_SVC,9u1m3rg3a0b1x,918273645001,SETTLEMENT_MERGE,SETTLEMENT,MERGE_BATCH,4289017712,ON CPU,ON CPU,CPU,232
2026-07-15T10:07,T4,1,PERFLAB,PERFLAB_SVC,9u1m3rg3a0b1x,918273645001,SETTLEMENT_MERGE,SETTLEMENT,MERGE_BATCH,4289017712,WAITING,log file sync,Commit,427
2026-07-15T10:07,T4,1,PERFLAB,PERFLAB_SVC,1it3ra1000001,771122330099,LITERAL_LOOKUP_T01,SETTLEMENT,LOOKUP_LITERAL,1765432109,ON CPU,ON CPU,CPU,22
2026-07-15T10:07,T4,1,PERFLAB,PERFLAB_SVC,1it3ra1000001,771122330099,LITERAL_LOOKUP_T01,SETTLEMENT,LOOKUP_LITERAL,1765432109,WAITING,library cache: mutex X,Concurrency,40
2026-07-15T10:07,T4,1,PERFLAB,PERFLAB_SVC,1it3ra1000002,771122330099,LITERAL_LOOKUP_T02,SETTLEMENT,LOOKUP_LITERAL,1765432109,ON CPU,ON CPU,CPU,21
2026-07-15T10:07,T4,1,PERFLAB,PERFLAB_SVC,1it3ra1000002,771122330099,LITERAL_LOOKUP_T02,SETTLEMENT,LOOKUP_LITERAL,1765432109,WAITING,library cache: mutex X,Concurrency,39
2026-07-15T10:07,T4,1,PERFLAB,PERFLAB_SVC,1it3ra1000003,771122330099,LITERAL_LOOKUP_T03,SETTLEMENT,LOOKUP_LITERAL,1765432109,ON CPU,ON CPU,CPU,21
2026-07-15T10:07,T4,1,PERFLAB,PERFLAB_SVC,1it3ra1000003,771122330099,LITERAL_LOOKUP_T03,SETTLEMENT,LOOKUP_LITERAL,1765432109,WAITING,library cache: mutex X,Concurrency,39
2026-07-15T10:07,T4,1,PERFLAB,PERFLAB_SVC,0th3rn015e001,555000111222,NORMAL_ORDER_API,ORDER_API,NORMAL_TX,990011223,ON CPU,ON CPU,CPU,105
2026-07-15T10:07,T4,1,PERFLAB,PERFLAB_SVC,0th3rn015e001,555000111222,NORMAL_ORDER_API,ORDER_API,NORMAL_TX,990011223,WAITING,db file sequential read,User I/O,191
2026-07-15T10:08,T4,1,PERFLAB,PERFLAB_SVC,9u1m3rg3a0b1x,918273645001,SETTLEMENT_MERGE,SETTLEMENT,MERGE_BATCH,4289017712,ON CPU,ON CPU,CPU,227
2026-07-15T10:08,T4,1,PERFLAB,PERFLAB_SVC,9u1m3rg3a0b1x,918273645001,SETTLEMENT_MERGE,SETTLEMENT,MERGE_BATCH,4289017712,WAITING,log file sync,Commit,418
2026-07-15T10:08,T4,1,PERFLAB,PERFLAB_SVC,1it3ra1000001,771122330099,LITERAL_LOOKUP_T01,SETTLEMENT,LOOKUP_LITERAL,1765432109,ON CPU,ON CPU,CPU,21
2026-07-15T10:08,T4,1,PERFLAB,PERFLAB_SVC,1it3ra1000001,771122330099,LITERAL_LOOKUP_T01,SETTLEMENT,LOOKUP_LITERAL,1765432109,WAITING,library cache: mutex X,Concurrency,39
2026-07-15T10:08,T4,1,PERFLAB,PERFLAB_SVC,1it3ra1000002,771122330099,LITERAL_LOOKUP_T02,SETTLEMENT,LOOKUP_LITERAL,1765432109,ON CPU,ON CPU,CPU,21
2026-07-15T10:08,T4,1,PERFLAB,PERFLAB_SVC,1it3ra1000002,771122330099,LITERAL_LOOKUP_T02,SETTLEMENT,LOOKUP_LITERAL,1765432109,WAITING,library cache: mutex X,Concurrency,38
2026-07-15T10:08,T4,1,PERFLAB,PERFLAB_SVC,1it3ra1000003,771122330099,LITERAL_LOOKUP_T03,SETTLEMENT,LOOKUP_LITERAL,1765432109,ON CPU,ON CPU,CPU,21
2026-07-15T10:08,T4,1,PERFLAB,PERFLAB_SVC,1it3ra1000003,771122330099,LITERAL_LOOKUP_T03,SETTLEMENT,LOOKUP_LITERAL,1765432109,WAITING,library cache: mutex X,Concurrency,38
2026-07-15T10:08,T4,1,PERFLAB,PERFLAB_SVC,0th3rn015e001,555000111222,NORMAL_ORDER_API,ORDER_API,NORMAL_TX,990011223,ON CPU,ON CPU,CPU,102
2026-07-15T10:08,T4,1,PERFLAB,PERFLAB_SVC,0th3rn015e001,555000111222,NORMAL_ORDER_API,ORDER_API,NORMAL_TX,990011223,WAITING,db file sequential read,User I/O,187
2026-07-15T10:09,T4,1,PERFLAB,PERFLAB_SVC,9u1m3rg3a0b1x,918273645001,SETTLEMENT_MERGE,SETTLEMENT,MERGE_BATCH,4289017712,ON CPU,ON CPU,CPU,235
2026-07-15T10:09,T4,1,PERFLAB,PERFLAB_SVC,9u1m3rg3a0b1x,918273645001,SETTLEMENT_MERGE,SETTLEMENT,MERGE_BATCH,4289017712,WAITING,log file sync,Commit,432
2026-07-15T10:09,T4,1,PERFLAB,PERFLAB_SVC,1it3ra1000001,771122330099,LITERAL_LOOKUP_T01,SETTLEMENT,LOOKUP_LITERAL,1765432109,ON CPU,ON CPU,CPU,22
2026-07-15T10:09,T4,1,PERFLAB,PERFLAB_SVC,1it3ra1000001,771122330099,LITERAL_LOOKUP_T01,SETTLEMENT,LOOKUP_LITERAL,1765432109,WAITING,library cache: mutex X,Concurrency,41
2026-07-15T10:09,T4,1,PERFLAB,PERFLAB_SVC,1it3ra1000002,771122330099,LITERAL_LOOKUP_T02,SETTLEMENT,LOOKUP_LITERAL,1765432109,ON CPU,ON CPU,CPU,22
2026-07-15T10:09,T4,1,PERFLAB,PERFLAB_SVC,1it3ra1000002,771122330099,LITERAL_LOOKUP_T02,SETTLEMENT,LOOKUP_LITERAL,1765432109,WAITING,library cache: mutex X,Concurrency,39
2026-07-15T10:09,T4,1,PERFLAB,PERFLAB_SVC,1it3ra1000003,771122330099,LITERAL_LOOKUP_T03,SETTLEMENT,LOOKUP_LITERAL,1765432109,ON CPU,ON CPU,CPU,22
2026-07-15T10:09,T4,1,PERFLAB,PERFLAB_SVC,1it3ra1000003,771122330099,LITERAL_LOOKUP_T03,SETTLEMENT,LOOKUP_LITERAL,1765432109,WAITING,library cache: mutex X,Concurrency,39
2026-07-15T10:09,T4,1,PERFLAB,PERFLAB_SVC,0th3rn015e001,555000111222,NORMAL_ORDER_API,ORDER_API,NORMAL_TX,990011223,ON CPU,ON CPU,CPU,105
2026-07-15T10:09,T4,1,PERFLAB,PERFLAB_SVC,0th3rn015e001,555000111222,NORMAL_ORDER_API,ORDER_API,NORMAL_TX,990011223,WAITING,db file sequential read,User I/O,193
2026-07-15T10:10,T4,1,PERFLAB,PERFLAB_SVC,9u1m3rg3a0b1x,918273645001,SETTLEMENT_MERGE,SETTLEMENT,MERGE_BATCH,4289017712,ON CPU,ON CPU,CPU,238
2026-07-15T10:10,T4,1,PERFLAB,PERFLAB_SVC,9u1m3rg3a0b1x,918273645001,SETTLEMENT_MERGE,SETTLEMENT,MERGE_BATCH,4289017712,WAITING,log file sync,Commit,438
2026-07-15T10:10,T4,1,PERFLAB,PERFLAB_SVC,1it3ra1000001,771122330099,LITERAL_LOOKUP_T01,SETTLEMENT,LOOKUP_LITERAL,1765432109,ON CPU,ON CPU,CPU,22
2026-07-15T10:10,T4,1,PERFLAB,PERFLAB_SVC,1it3ra1000001,771122330099,LITERAL_LOOKUP_T01,SETTLEMENT,LOOKUP_LITERAL,1765432109,WAITING,library cache: mutex X,Concurrency,41
2026-07-15T10:10,T4,1,PERFLAB,PERFLAB_SVC,1it3ra1000002,771122330099,LITERAL_LOOKUP_T02,SETTLEMENT,LOOKUP_LITERAL,1765432109,ON CPU,ON CPU,CPU,22
2026-07-15T10:10,T4,1,PERFLAB,PERFLAB_SVC,1it3ra1000002,771122330099,LITERAL_LOOKUP_T02,SETTLEMENT,LOOKUP_LITERAL,1765432109,WAITING,library cache: mutex X,Concurrency,40
2026-07-15T10:10,T4,1,PERFLAB,PERFLAB_SVC,1it3ra1000003,771122330099,LITERAL_LOOKUP_T03,SETTLEMENT,LOOKUP_LITERAL,1765432109,ON CPU,ON CPU,CPU,22
2026-07-15T10:10,T4,1,PERFLAB,PERFLAB_SVC,1it3ra1000003,771122330099,LITERAL_LOOKUP_T03,SETTLEMENT,LOOKUP_LITERAL,1765432109,WAITING,library cache: mutex X,Concurrency,40
2026-07-15T10:10,T4,1,PERFLAB,PERFLAB_SVC,0th3rn015e001,555000111222,NORMAL_ORDER_API,ORDER_API,NORMAL_TX,990011223,ON CPU,ON CPU,CPU,107
2026-07-15T10:10,T4,1,PERFLAB,PERFLAB_SVC,0th3rn015e001,555000111222,NORMAL_ORDER_API,ORDER_API,NORMAL_TX,990011223,WAITING,db file sequential read,User I/O,195
2026-07-15T10:11,R1,1,PERFLAB,PERFLAB_SVC,9u1m3rg3a0b1x,918273645001,SETTLEMENT_MERGE,SETTLEMENT,MERGE_BATCH,4289017712,ON CPU,ON CPU,CPU,111
2026-07-15T10:11,R1,1,PERFLAB,PERFLAB_SVC,9u1m3rg3a0b1x,918273645001,SETTLEMENT_MERGE,SETTLEMENT,MERGE_BATCH,4289017712,WAITING,db file sequential read,User I/O,74
2026-07-15T10:11,R1,1,PERFLAB,PERFLAB_SVC,1it3ra1000001,771122330099,LITERAL_LOOKUP_T01,SETTLEMENT,LOOKUP_LITERAL,1765432109,ON CPU,ON CPU,CPU,7
2026-07-15T10:11,R1,1,PERFLAB,PERFLAB_SVC,1it3ra1000001,771122330099,LITERAL_LOOKUP_T01,SETTLEMENT,LOOKUP_LITERAL,1765432109,WAITING,db file sequential read,User I/O,5
2026-07-15T10:11,R1,1,PERFLAB,PERFLAB_SVC,1it3ra1000002,771122330099,LITERAL_LOOKUP_T02,SETTLEMENT,LOOKUP_LITERAL,1765432109,ON CPU,ON CPU,CPU,7
2026-07-15T10:11,R1,1,PERFLAB,PERFLAB_SVC,1it3ra1000002,771122330099,LITERAL_LOOKUP_T02,SETTLEMENT,LOOKUP_LITERAL,1765432109,WAITING,db file sequential read,User I/O,4
2026-07-15T10:11,R1,1,PERFLAB,PERFLAB_SVC,1it3ra1000003,771122330099,LITERAL_LOOKUP_T03,SETTLEMENT,LOOKUP_LITERAL,1765432109,ON CPU,ON CPU,CPU,7
2026-07-15T10:11,R1,1,PERFLAB,PERFLAB_SVC,1it3ra1000003,771122330099,LITERAL_LOOKUP_T03,SETTLEMENT,LOOKUP_LITERAL,1765432109,WAITING,db file sequential read,User I/O,4
2026-07-15T10:11,R1,1,PERFLAB,PERFLAB_SVC,0th3rn015e001,555000111222,NORMAL_ORDER_API,ORDER_API,NORMAL_TX,990011223,ON CPU,ON CPU,CPU,126
2026-07-15T10:11,R1,1,PERFLAB,PERFLAB_SVC,0th3rn015e001,555000111222,NORMAL_ORDER_API,ORDER_API,NORMAL_TX,990011223,WAITING,db file sequential read,User I/O,85
2026-07-15T10:12,R1,1,PERFLAB,PERFLAB_SVC,9u1m3rg3a0b1x,918273645001,SETTLEMENT_MERGE,SETTLEMENT,MERGE_BATCH,4289017712,ON CPU,ON CPU,CPU,108
2026-07-15T10:12,R1,1,PERFLAB,PERFLAB_SVC,9u1m3rg3a0b1x,918273645001,SETTLEMENT_MERGE,SETTLEMENT,MERGE_BATCH,4289017712,WAITING,db file sequential read,User I/O,72
2026-07-15T10:12,R1,1,PERFLAB,PERFLAB_SVC,1it3ra1000001,771122330099,LITERAL_LOOKUP_T01,SETTLEMENT,LOOKUP_LITERAL,1765432109,ON CPU,ON CPU,CPU,7
2026-07-15T10:12,R1,1,PERFLAB,PERFLAB_SVC,1it3ra1000001,771122330099,LITERAL_LOOKUP_T01,SETTLEMENT,LOOKUP_LITERAL,1765432109,WAITING,db file sequential read,User I/O,4
2026-07-15T10:12,R1,1,PERFLAB,PERFLAB_SVC,1it3ra1000002,771122330099,LITERAL_LOOKUP_T02,SETTLEMENT,LOOKUP_LITERAL,1765432109,ON CPU,ON CPU,CPU,7
2026-07-15T10:12,R1,1,PERFLAB,PERFLAB_SVC,1it3ra1000002,771122330099,LITERAL_LOOKUP_T02,SETTLEMENT,LOOKUP_LITERAL,1765432109,WAITING,db file sequential read,User I/O,4
2026-07-15T10:12,R1,1,PERFLAB,PERFLAB_SVC,1it3ra1000003,771122330099,LITERAL_LOOKUP_T03,SETTLEMENT,LOOKUP_LITERAL,1765432109,ON CPU,ON CPU,CPU,7
2026-07-15T10:12,R1,1,PERFLAB,PERFLAB_SVC,1it3ra1000003,771122330099,LITERAL_LOOKUP_T03,SETTLEMENT,LOOKUP_LITERAL,1765432109,WAITING,db file sequential read,User I/O,4
2026-07-15T10:12,R1,1,PERFLAB,PERFLAB_SVC,0th3rn015e001,555000111222,NORMAL_ORDER_API,ORDER_API,NORMAL_TX,990011223,ON CPU,ON CPU,CPU,121
2026-07-15T10:12,R1,1,PERFLAB,PERFLAB_SVC,0th3rn015e001,555000111222,NORMAL_ORDER_API,ORDER_API,NORMAL_TX,990011223,WAITING,db file sequential read,User I/O,84
2026-07-15T10:13,R1,1,PERFLAB,PERFLAB_SVC,9u1m3rg3a0b1x,918273645001,SETTLEMENT_MERGE,SETTLEMENT,MERGE_BATCH,4289017712,ON CPU,ON CPU,CPU,106
2026-07-15T10:13,R1,1,PERFLAB,PERFLAB_SVC,9u1m3rg3a0b1x,918273645001,SETTLEMENT_MERGE,SETTLEMENT,MERGE_BATCH,4289017712,WAITING,db file sequential read,User I/O,70
2026-07-15T10:13,R1,1,PERFLAB,PERFLAB_SVC,1it3ra1000001,771122330099,LITERAL_LOOKUP_T01,SETTLEMENT,LOOKUP_LITERAL,1765432109,ON CPU,ON CPU,CPU,7
2026-07-15T10:13,R1,1,PERFLAB,PERFLAB_SVC,1it3ra1000001,771122330099,LITERAL_LOOKUP_T01,SETTLEMENT,LOOKUP_LITERAL,1765432109,WAITING,db file sequential read,User I/O,4
2026-07-15T10:13,R1,1,PERFLAB,PERFLAB_SVC,1it3ra1000002,771122330099,LITERAL_LOOKUP_T02,SETTLEMENT,LOOKUP_LITERAL,1765432109,ON CPU,ON CPU,CPU,7
2026-07-15T10:13,R1,1,PERFLAB,PERFLAB_SVC,1it3ra1000002,771122330099,LITERAL_LOOKUP_T02,SETTLEMENT,LOOKUP_LITERAL,1765432109,WAITING,db file sequential read,User I/O,4
2026-07-15T10:13,R1,1,PERFLAB,PERFLAB_SVC,1it3ra1000003,771122330099,LITERAL_LOOKUP_T03,SETTLEMENT,LOOKUP_LITERAL,1765432109,ON CPU,ON CPU,CPU,7
2026-07-15T10:13,R1,1,PERFLAB,PERFLAB_SVC,1it3ra1000003,771122330099,LITERAL_LOOKUP_T03,SETTLEMENT,LOOKUP_LITERAL,1765432109,WAITING,db file sequential read,User I/O,4
2026-07-15T10:13,R1,1,PERFLAB,PERFLAB_SVC,0th3rn015e001,555000111222,NORMAL_ORDER_API,ORDER_API,NORMAL_TX,990011223,ON CPU,ON CPU,CPU,119
2026-07-15T10:13,R1,1,PERFLAB,PERFLAB_SVC,0th3rn015e001,555000111222,NORMAL_ORDER_API,ORDER_API,NORMAL_TX,990011223,WAITING,db file sequential read,User I/O,82
2026-07-15T10:14,R1,1,PERFLAB,PERFLAB_SVC,9u1m3rg3a0b1x,918273645001,SETTLEMENT_MERGE,SETTLEMENT,MERGE_BATCH,4289017712,ON CPU,ON CPU,CPU,110
2026-07-15T10:14,R1,1,PERFLAB,PERFLAB_SVC,9u1m3rg3a0b1x,918273645001,SETTLEMENT_MERGE,SETTLEMENT,MERGE_BATCH,4289017712,WAITING,db file sequential read,User I/O,73
2026-07-15T10:14,R1,1,PERFLAB,PERFLAB_SVC,1it3ra1000001,771122330099,LITERAL_LOOKUP_T01,SETTLEMENT,LOOKUP_LITERAL,1765432109,ON CPU,ON CPU,CPU,7
2026-07-15T10:14,R1,1,PERFLAB,PERFLAB_SVC,1it3ra1000001,771122330099,LITERAL_LOOKUP_T01,SETTLEMENT,LOOKUP_LITERAL,1765432109,WAITING,db file sequential read,User I/O,5
2026-07-15T10:14,R1,1,PERFLAB,PERFLAB_SVC,1it3ra1000002,771122330099,LITERAL_LOOKUP_T02,SETTLEMENT,LOOKUP_LITERAL,1765432109,ON CPU,ON CPU,CPU,7
2026-07-15T10:14,R1,1,PERFLAB,PERFLAB_SVC,1it3ra1000002,771122330099,LITERAL_LOOKUP_T02,SETTLEMENT,LOOKUP_LITERAL,1765432109,WAITING,db file sequential read,User I/O,4
2026-07-15T10:14,R1,1,PERFLAB,PERFLAB_SVC,1it3ra1000003,771122330099,LITERAL_LOOKUP_T03,SETTLEMENT,LOOKUP_LITERAL,1765432109,ON CPU,ON CPU,CPU,7
2026-07-15T10:14,R1,1,PERFLAB,PERFLAB_SVC,1it3ra1000003,771122330099,LITERAL_LOOKUP_T03,SETTLEMENT,LOOKUP_LITERAL,1765432109,WAITING,db file sequential read,User I/O,4
2026-07-15T10:14,R1,1,PERFLAB,PERFLAB_SVC,0th3rn015e001,555000111222,NORMAL_ORDER_API,ORDER_API,NORMAL_TX,990011223,ON CPU,ON CPU,CPU,124
2026-07-15T10:14,R1,1,PERFLAB,PERFLAB_SVC,0th3rn015e001,555000111222,NORMAL_ORDER_API,ORDER_API,NORMAL_TX,990011223,WAITING,db file sequential read,User I/O,84
2026-07-15T10:15,R1,1,PERFLAB,PERFLAB_SVC,9u1m3rg3a0b1x,918273645001,SETTLEMENT_MERGE,SETTLEMENT,MERGE_BATCH,4289017712,ON CPU,ON CPU,CPU,110
2026-07-15T10:15,R1,1,PERFLAB,PERFLAB_SVC,9u1m3rg3a0b1x,918273645001,SETTLEMENT_MERGE,SETTLEMENT,MERGE_BATCH,4289017712,WAITING,db file sequential read,User I/O,74
2026-07-15T10:15,R1,1,PERFLAB,PERFLAB_SVC,1it3ra1000001,771122330099,LITERAL_LOOKUP_T01,SETTLEMENT,LOOKUP_LITERAL,1765432109,ON CPU,ON CPU,CPU,7
2026-07-15T10:15,R1,1,PERFLAB,PERFLAB_SVC,1it3ra1000001,771122330099,LITERAL_LOOKUP_T01,SETTLEMENT,LOOKUP_LITERAL,1765432109,WAITING,db file sequential read,User I/O,5
2026-07-15T10:15,R1,1,PERFLAB,PERFLAB_SVC,1it3ra1000002,771122330099,LITERAL_LOOKUP_T02,SETTLEMENT,LOOKUP_LITERAL,1765432109,ON CPU,ON CPU,CPU,7
2026-07-15T10:15,R1,1,PERFLAB,PERFLAB_SVC,1it3ra1000002,771122330099,LITERAL_LOOKUP_T02,SETTLEMENT,LOOKUP_LITERAL,1765432109,WAITING,db file sequential read,User I/O,4
2026-07-15T10:15,R1,1,PERFLAB,PERFLAB_SVC,1it3ra1000003,771122330099,LITERAL_LOOKUP_T03,SETTLEMENT,LOOKUP_LITERAL,1765432109,ON CPU,ON CPU,CPU,7
2026-07-15T10:15,R1,1,PERFLAB,PERFLAB_SVC,1it3ra1000003,771122330099,LITERAL_LOOKUP_T03,SETTLEMENT,LOOKUP_LITERAL,1765432109,WAITING,db file sequential read,User I/O,4
2026-07-15T10:15,R1,1,PERFLAB,PERFLAB_SVC,0th3rn015e001,555000111222,NORMAL_ORDER_API,ORDER_API,NORMAL_TX,990011223,ON CPU,ON CPU,CPU,126
2026-07-15T10:15,R1,1,PERFLAB,PERFLAB_SVC,0th3rn015e001,555000111222,NORMAL_ORDER_API,ORDER_API,NORMAL_TX,990011223,WAITING,db file sequential read,User I/O,84
2026-07-15T10:16,R1,1,PERFLAB,PERFLAB_SVC,9u1m3rg3a0b1x,918273645001,SETTLEMENT_MERGE,SETTLEMENT,MERGE_BATCH,4289017712,ON CPU,ON CPU,CPU,107
2026-07-15T10:16,R1,1,PERFLAB,PERFLAB_SVC,9u1m3rg3a0b1x,918273645001,SETTLEMENT_MERGE,SETTLEMENT,MERGE_BATCH,4289017712,WAITING,db file sequential read,User I/O,71
2026-07-15T10:16,R1,1,PERFLAB,PERFLAB_SVC,1it3ra1000001,771122330099,LITERAL_LOOKUP_T01,SETTLEMENT,LOOKUP_LITERAL,1765432109,ON CPU,ON CPU,CPU,7
2026-07-15T10:16,R1,1,PERFLAB,PERFLAB_SVC,1it3ra1000001,771122330099,LITERAL_LOOKUP_T01,SETTLEMENT,LOOKUP_LITERAL,1765432109,WAITING,db file sequential read,User I/O,4
2026-07-15T10:16,R1,1,PERFLAB,PERFLAB_SVC,1it3ra1000002,771122330099,LITERAL_LOOKUP_T02,SETTLEMENT,LOOKUP_LITERAL,1765432109,ON CPU,ON CPU,CPU,7
2026-07-15T10:16,R1,1,PERFLAB,PERFLAB_SVC,1it3ra1000002,771122330099,LITERAL_LOOKUP_T02,SETTLEMENT,LOOKUP_LITERAL,1765432109,WAITING,db file sequential read,User I/O,4
2026-07-15T10:16,R1,1,PERFLAB,PERFLAB_SVC,1it3ra1000003,771122330099,LITERAL_LOOKUP_T03,SETTLEMENT,LOOKUP_LITERAL,1765432109,ON CPU,ON CPU,CPU,7
2026-07-15T10:16,R1,1,PERFLAB,PERFLAB_SVC,1it3ra1000003,771122330099,LITERAL_LOOKUP_T03,SETTLEMENT,LOOKUP_LITERAL,1765432109,WAITING,db file sequential read,User I/O,4
2026-07-15T10:16,R1,1,PERFLAB,PERFLAB_SVC,0th3rn015e001,555000111222,NORMAL_ORDER_API,ORDER_API,NORMAL_TX,990011223,ON CPU,ON CPU,CPU,120
2026-07-15T10:16,R1,1,PERFLAB,PERFLAB_SVC,0th3rn015e001,555000111222,NORMAL_ORDER_API,ORDER_API,NORMAL_TX,990011223,WAITING,db file sequential read,User I/O,82
2026-07-15T10:17,R1,1,PERFLAB,PERFLAB_SVC,9u1m3rg3a0b1x,918273645001,SETTLEMENT_MERGE,SETTLEMENT,MERGE_BATCH,4289017712,ON CPU,ON CPU,CPU,107
2026-07-15T10:17,R1,1,PERFLAB,PERFLAB_SVC,9u1m3rg3a0b1x,918273645001,SETTLEMENT_MERGE,SETTLEMENT,MERGE_BATCH,4289017712,WAITING,db file sequential read,User I/O,71
2026-07-15T10:17,R1,1,PERFLAB,PERFLAB_SVC,1it3ra1000001,771122330099,LITERAL_LOOKUP_T01,SETTLEMENT,LOOKUP_LITERAL,1765432109,ON CPU,ON CPU,CPU,7
2026-07-15T10:17,R1,1,PERFLAB,PERFLAB_SVC,1it3ra1000001,771122330099,LITERAL_LOOKUP_T01,SETTLEMENT,LOOKUP_LITERAL,1765432109,WAITING,db file sequential read,User I/O,4
2026-07-15T10:17,R1,1,PERFLAB,PERFLAB_SVC,1it3ra1000002,771122330099,LITERAL_LOOKUP_T02,SETTLEMENT,LOOKUP_LITERAL,1765432109,ON CPU,ON CPU,CPU,7
2026-07-15T10:17,R1,1,PERFLAB,PERFLAB_SVC,1it3ra1000002,771122330099,LITERAL_LOOKUP_T02,SETTLEMENT,LOOKUP_LITERAL,1765432109,WAITING,db file sequential read,User I/O,4
2026-07-15T10:17,R1,1,PERFLAB,PERFLAB_SVC,1it3ra1000003,771122330099,LITERAL_LOOKUP_T03,SETTLEMENT,LOOKUP_LITERAL,1765432109,ON CPU,ON CPU,CPU,7
2026-07-15T10:17,R1,1,PERFLAB,PERFLAB_SVC,1it3ra1000003,771122330099,LITERAL_LOOKUP_T03,SETTLEMENT,LOOKUP_LITERAL,1765432109,WAITING,db file sequential read,User I/O,4
2026-07-15T10:17,R1,1,PERFLAB,PERFLAB_SVC,0th3rn015e001,555000111222,NORMAL_ORDER_API,ORDER_API,NORMAL_TX,990011223,ON CPU,ON CPU,CPU,120
2026-07-15T10:17,R1,1,PERFLAB,PERFLAB_SVC,0th3rn015e001,555000111222,NORMAL_ORDER_API,ORDER_API,NORMAL_TX,990011223,WAITING,db file sequential read,User I/O,82
2026-07-15T10:18,R1,1,PERFLAB,PERFLAB_SVC,9u1m3rg3a0b1x,918273645001,SETTLEMENT_MERGE,SETTLEMENT,MERGE_BATCH,4289017712,ON CPU,ON CPU,CPU,110
2026-07-15T10:18,R1,1,PERFLAB,PERFLAB_SVC,9u1m3rg3a0b1x,918273645001,SETTLEMENT_MERGE,SETTLEMENT,MERGE_BATCH,4289017712,WAITING,db file sequential read,User I/O,74
2026-07-15T10:18,R1,1,PERFLAB,PERFLAB_SVC,1it3ra1000001,771122330099,LITERAL_LOOKUP_T01,SETTLEMENT,LOOKUP_LITERAL,1765432109,ON CPU,ON CPU,CPU,7
2026-07-15T10:18,R1,1,PERFLAB,PERFLAB_SVC,1it3ra1000001,771122330099,LITERAL_LOOKUP_T01,SETTLEMENT,LOOKUP_LITERAL,1765432109,WAITING,db file sequential read,User I/O,5
2026-07-15T10:18,R1,1,PERFLAB,PERFLAB_SVC,1it3ra1000002,771122330099,LITERAL_LOOKUP_T02,SETTLEMENT,LOOKUP_LITERAL,1765432109,ON CPU,ON CPU,CPU,7
2026-07-15T10:18,R1,1,PERFLAB,PERFLAB_SVC,1it3ra1000002,771122330099,LITERAL_LOOKUP_T02,SETTLEMENT,LOOKUP_LITERAL,1765432109,WAITING,db file sequential read,User I/O,4
2026-07-15T10:18,R1,1,PERFLAB,PERFLAB_SVC,1it3ra1000003,771122330099,LITERAL_LOOKUP_T03,SETTLEMENT,LOOKUP_LITERAL,1765432109,ON CPU,ON CPU,CPU,7
2026-07-15T10:18,R1,1,PERFLAB,PERFLAB_SVC,1it3ra1000003,771122330099,LITERAL_LOOKUP_T03,SETTLEMENT,LOOKUP_LITERAL,1765432109,WAITING,db file sequential read,User I/O,4
2026-07-15T10:18,R1,1,PERFLAB,PERFLAB_SVC,0th3rn015e001,555000111222,NORMAL_ORDER_API,ORDER_API,NORMAL_TX,990011223,ON CPU,ON CPU,CPU,126
2026-07-15T10:18,R1,1,PERFLAB,PERFLAB_SVC,0th3rn015e001,555000111222,NORMAL_ORDER_API,ORDER_API,NORMAL_TX,990011223,WAITING,db file sequential read,User I/O,85
2026-07-15T10:19,R1,1,PERFLAB,PERFLAB_SVC,9u1m3rg3a0b1x,918273645001,SETTLEMENT_MERGE,SETTLEMENT,MERGE_BATCH,4289017712,ON CPU,ON CPU,CPU,109
2026-07-15T10:19,R1,1,PERFLAB,PERFLAB_SVC,9u1m3rg3a0b1x,918273645001,SETTLEMENT_MERGE,SETTLEMENT,MERGE_BATCH,4289017712,WAITING,db file sequential read,User I/O,73
2026-07-15T10:19,R1,1,PERFLAB,PERFLAB_SVC,1it3ra1000001,771122330099,LITERAL_LOOKUP_T01,SETTLEMENT,LOOKUP_LITERAL,1765432109,ON CPU,ON CPU,CPU,7
2026-07-15T10:19,R1,1,PERFLAB,PERFLAB_SVC,1it3ra1000001,771122330099,LITERAL_LOOKUP_T01,SETTLEMENT,LOOKUP_LITERAL,1765432109,WAITING,db file sequential read,User I/O,5
2026-07-15T10:19,R1,1,PERFLAB,PERFLAB_SVC,1it3ra1000002,771122330099,LITERAL_LOOKUP_T02,SETTLEMENT,LOOKUP_LITERAL,1765432109,ON CPU,ON CPU,CPU,7
2026-07-15T10:19,R1,1,PERFLAB,PERFLAB_SVC,1it3ra1000002,771122330099,LITERAL_LOOKUP_T02,SETTLEMENT,LOOKUP_LITERAL,1765432109,WAITING,db file sequential read,User I/O,4
2026-07-15T10:19,R1,1,PERFLAB,PERFLAB_SVC,1it3ra1000003,771122330099,LITERAL_LOOKUP_T03,SETTLEMENT,LOOKUP_LITERAL,1765432109,ON CPU,ON CPU,CPU,7
2026-07-15T10:19,R1,1,PERFLAB,PERFLAB_SVC,1it3ra1000003,771122330099,LITERAL_LOOKUP_T03,SETTLEMENT,LOOKUP_LITERAL,1765432109,WAITING,db file sequential read,User I/O,4
2026-07-15T10:19,R1,1,PERFLAB,PERFLAB_SVC,0th3rn015e001,555000111222,NORMAL_ORDER_API,ORDER_API,NORMAL_TX,990011223,ON CPU,ON CPU,CPU,124
2026-07-15T10:19,R1,1,PERFLAB,PERFLAB_SVC,0th3rn015e001,555000111222,NORMAL_ORDER_API,ORDER_API,NORMAL_TX,990011223,WAITING,db file sequential read,User I/O,84
2026-07-15T10:20,R1,1,PERFLAB,PERFLAB_SVC,9u1m3rg3a0b1x,918273645001,SETTLEMENT_MERGE,SETTLEMENT,MERGE_BATCH,4289017712,ON CPU,ON CPU,CPU,106
2026-07-15T10:20,R1,1,PERFLAB,PERFLAB_SVC,9u1m3rg3a0b1x,918273645001,SETTLEMENT_MERGE,SETTLEMENT,MERGE_BATCH,4289017712,WAITING,db file sequential read,User I/O,70
2026-07-15T10:20,R1,1,PERFLAB,PERFLAB_SVC,1it3ra1000001,771122330099,LITERAL_LOOKUP_T01,SETTLEMENT,LOOKUP_LITERAL,1765432109,ON CPU,ON CPU,CPU,7
2026-07-15T10:20,R1,1,PERFLAB,PERFLAB_SVC,1it3ra1000001,771122330099,LITERAL_LOOKUP_T01,SETTLEMENT,LOOKUP_LITERAL,1765432109,WAITING,db file sequential read,User I/O,4
2026-07-15T10:20,R1,1,PERFLAB,PERFLAB_SVC,1it3ra1000002,771122330099,LITERAL_LOOKUP_T02,SETTLEMENT,LOOKUP_LITERAL,1765432109,ON CPU,ON CPU,CPU,7
2026-07-15T10:20,R1,1,PERFLAB,PERFLAB_SVC,1it3ra1000002,771122330099,LITERAL_LOOKUP_T02,SETTLEMENT,LOOKUP_LITERAL,1765432109,WAITING,db file sequential read,User I/O,4
2026-07-15T10:20,R1,1,PERFLAB,PERFLAB_SVC,1it3ra1000003,771122330099,LITERAL_LOOKUP_T03,SETTLEMENT,LOOKUP_LITERAL,1765432109,ON CPU,ON CPU,CPU,7
2026-07-15T10:20,R1,1,PERFLAB,PERFLAB_SVC,1it3ra1000003,771122330099,LITERAL_LOOKUP_T03,SETTLEMENT,LOOKUP_LITERAL,1765432109,WAITING,db file sequential read,User I/O,4
2026-07-15T10:20,R1,1,PERFLAB,PERFLAB_SVC,0th3rn015e001,555000111222,NORMAL_ORDER_API,ORDER_API,NORMAL_TX,990011223,ON CPU,ON CPU,CPU,119
2026-07-15T10:20,R1,1,PERFLAB,PERFLAB_SVC,0th3rn015e001,555000111222,NORMAL_ORDER_API,ORDER_API,NORMAL_TX,990011223,WAITING,db file sequential read,User I/O,82
